run_id,symbol,config_name,run_type,fold_number,status,error,config_hash,dataset_checksum,reproducibility_fingerprint,test_start,test_end,trades,net_profit,total_return_pct,annualized_return_pct,sharpe_ratio,sortino_ratio,calmar_ratio,max_drawdown_pct,win_rate,profit_factor,total_fees,final_nav,rationale
02bc1cbb8fd24f05947e61ca57ad8377,BTC/USDT,aggressive_regime,FULL_PERIOD,,OK,,875ef99b96e13d94f060b2aff45de4a0d2f0c014b4cc01e4cfdd3f622663f711,c3b6c46ab16152b4c02a258ca947717a105f3dcb4b10d7119e4ee9694a6bf14e,c041567542b4a56cd8af5c767f6e840828164159790518e2f6fec0e4fde123c3,2019-01-07T23:59:59.999000+00:00,2026-07-23T23:59:59.999000+00:00,212,22457.722904540955000000,22.457722904540955000,2.7215,1.1244,0.8321,0.6825,3.987602854066725750505414895,44.33962264150943396226415094,1.847505824718166583495325743,1487.84526441099000000,122457.722904540955000000,"Looser regime classification: lower ADX bar for 'trending', higher vol bar for 'high-vol'."
02793d474d524afe833344fc99943046,BTC/USDT,aggressive_regime,OOS_FOLD,1,OK,,875ef99b96e13d94f060b2aff45de4a0d2f0c014b4cc01e4cfdd3f622663f711,a2c5f3b31e6d9c0b9eda7fcad12da44c42d1bd447b97df1a585b8209b2838dc8,1fa453b3b0bf13a2c5b8965e3feb57d51c7c5b54cd4ae8bab9acac2d573a2ff2,2021-01-18T09:35:59.999000+00:00,2021-07-13T23:59:59.999000+00:00,16,780.910893421290000000,0.78091089342129000,1.6263,0.5088,0.3297,0.8304,1.958480215014981779101231089,37.5000,1.261752340189776933201372951,97.77977437797000000,100780.910893421290000000,"Looser regime classification: lower ADX bar for 'trending', higher vol bar for 'high-vol'."
160ce08f091c49339c6af0825528c2da,BTC/USDT,aggressive_regime,OOS_FOLD,2,OK,,875ef99b96e13d94f060b2aff45de4a0d2f0c014b4cc01e4cfdd3f622663f711,c7b46b2d4c87bc9728e51931823d84f86c6fdb8d26a96381d820d9db4fc9e8d2,cc7d153b0751b1873c571c78119ffa5c8b80f49295f038283e467a3b65923826,2023-07-25T09:35:59.999000+00:00,2024-01-17T23:59:59.999000+00:00,12,1694.517219996420000000,1.69451721999642000,3.5462,1.5616,1.2497,5.964,0.5946054085689935969410249761,50.00,2.809712461478415434881518575,74.03453117019000000,101694.517219996420000000,"Looser regime classification: lower ADX bar for 'trending', higher vol bar for 'high-vol'."
95cdd3cdce3341b6970637d90a0d7f20,BTC/USDT,aggressive_regime,OOS_FOLD,3,OK,,875ef99b96e13d94f060b2aff45de4a0d2f0c014b4cc01e4cfdd3f622663f711,45c618b35013884e87944d05771b8e0540a0e7586bcb1fd34f4494c493fb97b1,49769b654a47880ef47551d9002193c16be2a0b624fbca65eb6aeda6014bfbe2,2026-01-28T09:35:59.999000+00:00,2026-07-23T23:59:59.999000+00:00,12,-159.227605108320000000,-0.15922760510832000,-0.3299,-0.2664,-0.139,-0.4927,0.6695212848598080856812536638,50.00,0.7915480447799678341076331908,71.99709506577000000,99840.772394891680000000,"Looser regime classification: lower ADX bar for 'trending', higher vol bar for 'high-vol'."
5bd8cd80da7d45dc8b85ddb81aa96c6f,BTC/USDT,baseline,FULL_PERIOD,,OK,,c63e557c0481f3579aa7685b5b0456e124d89e0cba093820bd401776049c85a6,c3b6c46ab16152b4c02a258ca947717a105f3dcb4b10d7119e4ee9694a6bf14e,6aeb3755a7496b3a03bab701003a7b4428cf5f8d43171d5e3dbc816a71557071,2019-01-07T23:59:59.999000+00:00,2026-07-23T23:59:59.999000+00:00,188,17959.712351972655000000,17.959712351972655000,2.2132,1.0,0.711,0.4993,4.432812088141965322736451251,43.08510638297872340425531915,1.769158612180561433575522549,1283.51728054737000000,117959.712351972655000000,Unmodified production defaults. Reference point every other variant is judged against.
d7e6c27d365541d79463d7c2f416e254,BTC/USDT,baseline,OOS_FOLD,1,OK,,c63e557c0481f3579aa7685b5b0456e124d89e0cba093820bd401776049c85a6,a2c5f3b31e6d9c0b9eda7fcad12da44c42d1bd447b97df1a585b8209b2838dc8,8f8e241e3f54072301d41f2b076dedbb25690d5a5290c3e325edc9d5560b7219,2021-01-18T09:35:59.999000+00:00,2021-07-13T23:59:59.999000+00:00,11,1341.184814573775000000,1.341184814573775000,2.8015,1.0294,0.6473,1.5441,1.814306822600813584767665450,45.45454545454545454545454545,1.721521911859531500514214631,68.19064910199000000,101341.184814573775000000,Unmodified production defaults. Reference point every other variant is judged against.
b793d0c49afe40c291582db83a2c3bf0,BTC/USDT,baseline,OOS_FOLD,2,OK,,c63e557c0481f3579aa7685b5b0456e124d89e0cba093820bd401776049c85a6,c7b46b2d4c87bc9728e51931823d84f86c6fdb8d26a96381d820d9db4fc9e8d2,82f5c8a2d607b55cc7cc9dc488fbad7dcb6f846cf5468da73aba2298fd79eb33,2023-07-25T09:35:59.999000+00:00,2024-01-17T23:59:59.999000+00:00,12,1694.517219996420000000,1.69451721999642000,3.5462,1.5616,1.2497,5.964,0.5946054085689935969410249761,50.00,2.809712461478415434881518575,74.03453117019000000,101694.517219996420000000,Unmodified production defaults. Reference point every other variant is judged against.
699509ce367e423baf7b771cde957a25,BTC/USDT,baseline,OOS_FOLD,3,OK,,c63e557c0481f3579aa7685b5b0456e124d89e0cba093820bd401776049c85a6,45c618b35013884e87944d05771b8e0540a0e7586bcb1fd34f4494c493fb97b1,514244e133b4d311fbd88d330f74553e58560af5268912a92c7c151e33eb52d9,2026-01-28T09:35:59.999000+00:00,2026-07-23T23:59:59.999000+00:00,12,-214.268666712540000000,-0.21426866671254000,-0.4439,-0.361,-0.1986,-0.6475,0.6855647737501066023644994688,50.00,0.7235438846304035075833996425,71.54738834265000000,99785.731333287460000000,Unmodified production defaults. Reference point every other variant is judged against.
a80b02e67f5545e3b9b7bf33ef345c5b,BTC/USDT,breakout_sensitive,FULL_PERIOD,,OK,,854c75c09f99a277eeba5bdd765011d0e543065a89be86cc5df75390a2246408,c3b6c46ab16152b4c02a258ca947717a105f3dcb4b10d7119e4ee9694a6bf14e,513d1af82bc89ab6a35cec45bf7ba0bdb3fba82662c5a0e53921458da697074e,2019-01-07T23:59:59.999000+00:00,2026-07-23T23:59:59.999000+00:00,188,17944.712768997360000000,17.94471276899736000,2.2115,0.9981,0.7103,0.4989,4.432998675101302753459617190,43.08510638297872340425531915,1.766032339731511661754581595,1285.78885779627000000,117944.712768997360000000,Lower relative-volume bar for breakout confirmation: more breakout signals fire.
c003e3faf79140d191fab16177b57c46,BTC/USDT,breakout_sensitive,OOS_FOLD,1,OK,,854c75c09f99a277eeba5bdd765011d0e543065a89be86cc5df75390a2246408,a2c5f3b31e6d9c0b9eda7fcad12da44c42d1bd447b97df1a585b8209b2838dc8,d4bb0c7e960e38e7a703937d3a3836943976f6c268a93b9832e4fc8672cdee06,2021-01-18T09:35:59.999000+00:00,2021-07-13T23:59:59.999000+00:00,11,1341.184814573775000000,1.341184814573775000,2.8015,1.0294,0.6473,1.5441,1.814306822600813584767665450,45.45454545454545454545454545,1.721521911859531500514214631,68.19064910199000000,101341.184814573775000000,Lower relative-volume bar for breakout confirmation: more breakout signals fire.
1f0778988dfe464b8da39af07e7af932,BTC/USDT,breakout_sensitive,OOS_FOLD,2,OK,,854c75c09f99a277eeba5bdd765011d0e543065a89be86cc5df75390a2246408,c7b46b2d4c87bc9728e51931823d84f86c6fdb8d26a96381d820d9db4fc9e8d2,12579e388cfd6eb35dafa7fdc4f5a8ba7efafb12631063f4cf2b43d1df004f68,2023-07-25T09:35:59.999000+00:00,2024-01-17T23:59:59.999000+00:00,12,1694.517219996420000000,1.69451721999642000,3.5462,1.5616,1.2497,5.964,0.5946054085689935969410249761,50.00,2.809712461478415434881518575,74.03453117019000000,101694.517219996420000000,Lower relative-volume bar for breakout confirmation: more breakout signals fire.
0fa814a7865e4add9610830f07513bba,BTC/USDT,breakout_sensitive,OOS_FOLD,3,OK,,854c75c09f99a277eeba5bdd765011d0e543065a89be86cc5df75390a2246408,45c618b35013884e87944d05771b8e0540a0e7586bcb1fd34f4494c493fb97b1,3680adea4bfa111afe522e458e8da6bde0f7d0f5234bd0a1d9c130a6a4ef3d19,2026-01-28T09:35:59.999000+00:00,2026-07-23T23:59:59.999000+00:00,13,-355.289204238450000000,-0.35528920423845000,-0.7354,-0.598,-0.3375,-0.8903,0.8260018343340953769221364271,46.15384615384615384615384615,0.6121616300575807409600376669,77.79649258305000000,99644.710795761550000000,Lower relative-volume bar for breakout confirmation: more breakout signals fire.
28c437b695c44fcfa8eee35e2550e798,BTC/USDT,breakout_strict,FULL_PERIOD,,OK,,c3ca2c77ddf824df656bd6b276a672913260322d0b902126bd3faf440a510d21,c3b6c46ab16152b4c02a258ca947717a105f3dcb4b10d7119e4ee9694a6bf14e,04639ff0477b02e2ab47073eb26045f228d710529fb6057051e9b7b3f38e2c72,2019-01-07T23:59:59.999000+00:00,2026-07-23T23:59:59.999000+00:00,191,16649.026103096670000000,16.64902610309667000,2.062,0.9227,0.6462,0.4665,4.420270165013347880670349944,42.40837696335078534031413613,1.680311730785302401294362002,1292.82309649629000000,116649.026103096670000000,"Higher relative-volume bar for breakout confirmation: fewer, stronger signals."
4224cb9732b0442a8ea92887478cd160,BTC/USDT,breakout_strict,OOS_FOLD,1,OK,,c3ca2c77ddf824df656bd6b276a672913260322d0b902126bd3faf440a510d21,a2c5f3b31e6d9c0b9eda7fcad12da44c42d1bd447b97df1a585b8209b2838dc8,f79aa43d410b2de76fc13b5a92490c617604e0bc8efd9328f40a96ef256ceffb,2021-01-18T09:35:59.999000+00:00,2021-07-13T23:59:59.999000+00:00,11,1341.184814573775000000,1.341184814573775000,2.8015,1.0294,0.6473,1.5441,1.814306822600813584767665450,45.45454545454545454545454545,1.721521911859531500514214631,68.19064910199000000,101341.184814573775000000,"Higher relative-volume bar for breakout confirmation: fewer, stronger signals."
17d325a4948549a79131b7b3c574304f,BTC/USDT,breakout_strict,OOS_FOLD,2,OK,,c3ca2c77ddf824df656bd6b276a672913260322d0b902126bd3faf440a510d21,c7b46b2d4c87bc9728e51931823d84f86c6fdb8d26a96381d820d9db4fc9e8d2,311e640582c932657fe09df8143bf35fe383d014cb6c091e7d8171881c3a210d,2023-07-25T09:35:59.999000+00:00,2024-01-17T23:59:59.999000+00:00,12,1694.517219996420000000,1.69451721999642000,3.5462,1.5616,1.2497,5.964,0.5946054085689935969410249761,50.00,2.809712461478415434881518575,74.03453117019000000,101694.517219996420000000,"Higher relative-volume bar for breakout confirmation: fewer, stronger signals."
56e6ee2aaab24306924ea6c2bb619540,BTC/USDT,breakout_strict,OOS_FOLD,3,OK,,c3ca2c77ddf824df656bd6b276a672913260322d0b902126bd3faf440a510d21,45c618b35013884e87944d05771b8e0540a0e7586bcb1fd34f4494c493fb97b1,f181de4d4c38d4db24816d3e0827a0f0fd98d691f5a269c38b4e9919655f7bba,2026-01-28T09:35:59.999000+00:00,2026-07-23T23:59:59.999000+00:00,12,-212.517858738120000000,-0.21251785873812000,-0.4402,-0.359,-0.1975,-0.6437,0.6838212097991510440884716535,50.00,0.7251820324391949016667452981,71.39993236623000000,99787.482141261880000000,"Higher relative-volume bar for breakout confirmation: fewer, stronger signals."
0d6d992ba9054a65b1cb4b646b4e89dd,BTC/USDT,conservative_regime,FULL_PERIOD,,OK,,2346ba159652e527da38d57298ca6842d6b8e893b357710d66fecaab427e7516,c3b6c46ab16152b4c02a258ca947717a105f3dcb4b10d7119e4ee9694a6bf14e,5da07141b2367c810139405d591b1b05a329a269c90d25398cc4109047354f81,2019-01-07T23:59:59.999000+00:00,2026-07-23T23:59:59.999000+00:00,158,15654.695752324560000000,15.65469575232456000,1.9463,0.981,0.6425,0.512,3.801420157134457756685031881,41.13924050632911392405063291,1.839684165134886395501273479,1064.88240234930000000,115654.695752324560000000,"Stricter regime classification: higher ADX bar for 'trending', lower vol bar for 'high-vol'."
03366c8c423043e698ad39beec8134ce,BTC/USDT,conservative_regime,OOS_FOLD,1,OK,,2346ba159652e527da38d57298ca6842d6b8e893b357710d66fecaab427e7516,a2c5f3b31e6d9c0b9eda7fcad12da44c42d1bd447b97df1a585b8209b2838dc8,23f07a1a38fca3c0d632df87e71fcee8ea53d4aa737658d6e06e7be1749bf5d3,2021-01-18T09:35:59.999000+00:00,2021-07-13T23:59:59.999000+00:00,6,-709.101361167435000000,-0.709101361167435000,-1.465,-1.4023,-0.4476,-1.7943,0.8164710369812120978417393798,33.33333333333333333333333333,0.3205381475751415416812506241,35.40991353111000000,99290.898638832565000000,"Stricter regime classification: higher ADX bar for 'trending', lower vol bar for 'high-vol'."
72be6cf5bb5847829fa1fce2f12384b9,BTC/USDT,conservative_regime,OOS_FOLD,2,OK,,2346ba159652e527da38d57298ca6842d6b8e893b357710d66fecaab427e7516,c7b46b2d4c87bc9728e51931823d84f86c6fdb8d26a96381d820d9db4fc9e8d2,6fc3875b103c140f8b9852dd15ccc2c0b2a534bbae8446cf5e3a1e66d447f2e1,2023-07-25T09:35:59.999000+00:00,2024-01-17T23:59:59.999000+00:00,10,1385.835468141555000000,1.385835468141555000,2.8954,1.3247,1.005,3.4928,0.8289587247036751200022612312,40.00,2.239268824245636758853728194,61.43322092436000000,101385.835468141555000000,"Stricter regime classification: higher ADX bar for 'trending', lower vol bar for 'high-vol'."
d4f1eb25ee6d493d910fe700938112ca,BTC/USDT,conservative_regime,OOS_FOLD,3,OK,,2346ba159652e527da38d57298ca6842d6b8e893b357710d66fecaab427e7516,45c618b35013884e87944d05771b8e0540a0e7586bcb1fd34f4494c493fb97b1,ed109134910ad7b73b1ebfc85569e9571f6a82dd0c49c0d431025556848ae4f3,2026-01-28T09:35:59.999000+00:00,2026-07-23T23:59:59.999000+00:00,10,-459.814989498525000000,-0.459814989498525000,-0.9512,-0.9225,-0.4441,-1.2127,0.7843488973046043605903208070,40.00,0.2728056320816818673663595963,59.12369596116000000,99540.185010501475000000,"Stricter regime classification: higher ADX bar for 'trending', lower vol bar for 'high-vol'."
6040f95afde641318fde0a07c84a5b56,BTC/USDT,high_conviction_only,FULL_PERIOD,,OK,,b4d49e8e6d21dfb4472f1c03dfdbc121f6e73874f4eb36f05c088a390ddc0d72,c3b6c46ab16152b4c02a258ca947717a105f3dcb4b10d7119e4ee9694a6bf14e,43151205c941add48a64f2989a9db06b97773df864360d78678343027633d310,2019-01-07T23:59:59.999000+00:00,2026-07-23T23:59:59.999000+00:00,188,20005.811687770605000000,20.005811687770605000,2.4465,0.9837,0.695,0.4886,5.006979428366869234568968426,43.08510638297872340425531915,1.746830660347983346600442692,1469.74355617905000000,120005.811687770605000000,"Bundle: raises every agent's confidence bar simultaneously (fewer, higher-quality trades)."
1c4264e11ad44fe19bcb2ef57576406e,BTC/USDT,high_conviction_only,OOS_FOLD,1,OK,,b4d49e8e6d21dfb4472f1c03dfdbc121f6e73874f4eb36f05c088a390ddc0d72,a2c5f3b31e6d9c0b9eda7fcad12da44c42d1bd447b97df1a585b8209b2838dc8,348762218cc5f99b2cfec86818341946c72acd81ec104cf96ed0e98173b3b2ae,2021-01-18T09:35:59.999000+00:00,2021-07-13T23:59:59.999000+00:00,11,1518.770804187345000000,1.518770804187345000,3.1754,1.0264,0.6458,1.5392,2.062986416878662379352939160,45.45454545454545454545454545,1.715890366371891996461286917,77.74465518234000000,101518.770804187345000000,"Bundle: raises every agent's confidence bar simultaneously (fewer, higher-quality trades)."
f8e058358c824645ae32b85042ccb00e,BTC/USDT,high_conviction_only,OOS_FOLD,2,OK,,b4d49e8e6d21dfb4472f1c03dfdbc121f6e73874f4eb36f05c088a390ddc0d72,c7b46b2d4c87bc9728e51931823d84f86c6fdb8d26a96381d820d9db4fc9e8d2,ecc398acd320778d65347cb5851f0eea140cbeac9c4fd5c124ec3994be49b97b,2023-07-25T09:35:59.999000+00:00,2024-01-17T23:59:59.999000+00:00,12,1916.167592662755000000,1.916167592662755000,4.0148,1.556,1.2436,5.9311,0.6769112695068879988577476368,50.00,2.795348566805205480942580244,84.16346794434000000,101916.167592662755000000,"Bundle: raises every agent's confidence bar simultaneously (fewer, higher-quality trades)."
45d065bc82ae4337998f50e5c7a409c3,BTC/USDT,high_conviction_only,OOS_FOLD,3,OK,,b4d49e8e6d21dfb4472f1c03dfdbc121f6e73874f4eb36f05c088a390ddc0d72,45c618b35013884e87944d05771b8e0540a0e7586bcb1fd34f4494c493fb97b1,02233b2ffeb48c5fb2595737af1adbe7507de42111be72b44eb84f559b9950be,2026-01-28T09:35:59.999000+00:00,2026-07-23T23:59:59.999000+00:00,12,-247.070572523310000000,-0.24707057252331000,-0.5117,-0.3677,-0.2022,-0.6575,0.7782001219159977672423551015,50.00,0.7190441776780942481400498284,81.02928283677000000,99752.929427476690000000,"Bundle: raises every agent's confidence bar simultaneously (fewer, higher-quality trades)."
08b74459fbe8427cbfd93ef2e3eac7d6,BTC/USDT,low_conviction_admitted,FULL_PERIOD,,OK,,e8000e06d79922eef28a8aaa26407d5bf561d5f343a89387a19e159c01789cc7,c3b6c46ab16152b4c02a258ca947717a105f3dcb4b10d7119e4ee9694a6bf14e,81fd46c418ef8013690ee761f604e6670c0bc01e42cdc4f8b14522c141bb2cbc,2019-01-07T23:59:59.999000+00:00,2026-07-23T23:59:59.999000+00:00,188,15440.272808162535000000,15.440272808162535000,1.9212,1.0012,0.7122,0.4987,3.852492409968675134003065734,43.08510638297872340425531915,1.775038850175280464460082682,1095.04812178395000000,115440.272808162535000000,"Bundle: lowers every agent's confidence bar simultaneously (more, noisier trades)."
bd5526aa85564dcf814267f39dcfabb3,BTC/USDT,low_conviction_admitted,OOS_FOLD,1,OK,,e8000e06d79922eef28a8aaa26407d5bf561d5f343a89387a19e159c01789cc7,a2c5f3b31e6d9c0b9eda7fcad12da44c42d1bd447b97df1a585b8209b2838dc8,fe1569c1b0f0c4e94d5c2f6b066e9caad3413fdd007e6b42b233fd3f102bdfba,2021-01-18T09:35:59.999000+00:00,2021-07-13T23:59:59.999000+00:00,11,1170.127900073415000000,1.170127900073415000,2.4419,1.0364,0.6529,1.559,1.566318947844460498336159141,45.45454545454545454545454545,1.732323862605940496047483325,58.80105051957000000,101170.127900073415000000,"Bundle: lowers every agent's confidence bar simultaneously (more, noisier trades)."
356cc2623249424780ce2ffc7089e805,BTC/USDT,low_conviction_admitted,OOS_FOLD,2,OK,,e8000e06d79922eef28a8aaa26407d5bf561d5f343a89387a19e159c01789cc7,c7b46b2d4c87bc9728e51931823d84f86c6fdb8d26a96381d820d9db4fc9e8d2,81fe7abc8c18ae27313f9b55da041d683415c2b7418f8393dae8398833108822,2023-07-25T09:35:59.999000+00:00,2024-01-17T23:59:59.999000+00:00,12,1477.235959930545000000,1.477235959930545000,3.0879,1.5694,1.2575,5.9715,0.5171087155824248640416156137,50.00,2.834277773986202802823029169,63.98790246558000000,101477.235959930545000000,"Bundle: lowers every agent's confidence bar simultaneously (more, noisier trades)."
6d59000fa2cd4cadb8e40c2f4df620c9,BTC/USDT,low_conviction_admitted,OOS_FOLD,3,OK,,e8000e06d79922eef28a8aaa26407d5bf561d5f343a89387a19e159c01789cc7,45c618b35013884e87944d05771b8e0540a0e7586bcb1fd34f4494c493fb97b1,7cb08f0c0ac10708f0aef86b54710201765dba06a7f9aa9a8552dcacec11fecc,2026-01-28T09:35:59.999000+00:00,2026-07-23T23:59:59.999000+00:00,12,-187.061731404990000000,-0.18706173140499000,-0.3876,-0.3659,-0.2012,-0.6536,0.5929990908767927033638183848,50.00,0.7207081213052263163580015085,61.72213866741000000,99812.938268595010000000,"Bundle: lowers every agent's confidence bar simultaneously (more, noisier trades)."
57d6d02996bd4ac3acb170a4cbb03a61,BTC/USDT,mean_reversion_focus,FULL_PERIOD,,OK,,f0bc4bdbe5483758d0777bfc4f3bab31ddc036c6c318dcafea1ac7dfbf6b3645,c3b6c46ab16152b4c02a258ca947717a105f3dcb4b10d7119e4ee9694a6bf14e,d93711b5f74de667249472d297ff12d0f1caaf7ce0643aa9403f39e38d9ca187,2019-01-07T23:59:59.999000+00:00,2026-07-23T23:59:59.999000+00:00,188,14451.443845448550000000,14.45144384544855000,1.8051,0.9624,0.675,0.4805,3.757049205600605169078403918,43.08510638297872340425531915,1.731429947398925538045986910,1078.04882693511000000,114451.443845448550000000,Bundle: favors mean-reversion conviction over trend/breakout.
fa1b0ea0bd3345e99343cef2c5bf3cde,BTC/USDT,mean_reversion_focus,OOS_FOLD,1,OK,,f0bc4bdbe5483758d0777bfc4f3bab31ddc036c6c318dcafea1ac7dfbf6b3645,a2c5f3b31e6d9c0b9eda7fcad12da44c42d1bd447b97df1a585b8209b2838dc8,688864b3f097aa49587b56378c63ee5a80aa0b552e9d6b6d01ce73ed6754ff92,2021-01-18T09:35:59.999000+00:00,2021-07-13T23:59:59.999000+00:00,11,900.282572498400000000,0.90028257249840000,1.8761,0.817,0.4826,1.1039,1.699587259371791464600425934,45.45454545454545454545454545,1.519610340443333887298676580,59.97564729702000000,100900.282572498400000000,Bundle: favors mean-reversion conviction over trend/breakout.
c5836da12823471a9900379416a06025,BTC/USDT,mean_reversion_focus,OOS_FOLD,2,OK,,f0bc4bdbe5483758d0777bfc4f3bab31ddc036c6c318dcafea1ac7dfbf6b3645,c7b46b2d4c87bc9728e51931823d84f86c6fdb8d26a96381d820d9db4fc9e8d2,5c9a3a269bfc36bce614f1c69758cefa2308fd0e4d78363bed0c4ed00031a11a,2023-07-25T09:35:59.999000+00:00,2024-01-17T23:59:59.999000+00:00,12,1231.731680523285000000,1.231731680523285000,2.5713,1.3184,1.0016,3.75,0.6856755018550148496708772031,50.00,2.311997929364016146186893387,64.74686998833000000,101231.731680523285000000,Bundle: favors mean-reversion conviction over trend/breakout.
bbd27dc315484b8480278f20d237362d,BTC/USDT,mean_reversion_focus,OOS_FOLD,3,OK,,f0bc4bdbe5483758d0777bfc4f3bab31ddc036c6c318dcafea1ac7dfbf6b3645,45c618b35013884e87944d05771b8e0540a0e7586bcb1fd34f4494c493fb97b1,194ad44bb7734256ff1d661c3c0a587252e9a2e42a0bddef286f92af46ebebbf,2026-01-28T09:35:59.999000+00:00,2026-07-23T23:59:59.999000+00:00,12,-214.163656517640000000,-0.21416365651764000,-0.4436,-0.42,-0.2297,-0.7347,0.6037842324261797681532433898,50.00,0.6867414231195833056157730938,62.81137448127000000,99785.836343482360000000,Bundle: favors mean-reversion conviction over trend/breakout.
5ed373c5f35f4fdabe5f2f0aaf6b93f1,BTC/USDT,momentum_focus,FULL_PERIOD,,OK,,fd99c5e143f5b51401f4288d0642d156787bfd972800d4f9d5cd7b2de05de14f,c3b6c46ab16152b4c02a258ca947717a105f3dcb4b10d7119e4ee9694a6bf14e,eaab91f7367f699e6bbacc1d848c943d440133f0d1b56bbc3f4c301da88500c5,2019-01-07T23:59:59.999000+00:00,2026-07-23T23:59:59.999000+00:00,188,19877.364364519935000000,19.877364364519935000,2.4319,1.0171,0.7272,0.5093,4.774591685619715232395936094,43.08510638297872340425531915,1.789959795741833390299340504,1388.76264305415000000,119877.364364519935000000,Bundle: favors trend/breakout conviction over mean-reversion.
903cd95986404d4f89a50d8e57aa2f68,BTC/USDT,momentum_focus,OOS_FOLD,1,OK,,fd99c5e143f5b51401f4288d0642d156787bfd972800d4f9d5cd7b2de05de14f,a2c5f3b31e6d9c0b9eda7fcad12da44c42d1bd447b97df1a585b8209b2838dc8,d5dc08229cc4ed52fe2d61274614734d0153a18935a287197308abcae77dbd1f,2021-01-18T09:35:59.999000+00:00,2021-07-13T23:59:59.999000+00:00,11,1603.842995983275000000,1.603842995983275000,3.3548,1.1345,0.7335,1.8101,1.853343793900156478948578546,45.45454545454545454545454545,1.842711661699940283601850323,72.29344596822000000,101603.842995983275000000,Bundle: favors trend/breakout conviction over mean-reversion.
46c11e3511e040179d133f2750a268e9,BTC/USDT,momentum_focus,OOS_FOLD,2,OK,,fd99c5e143f5b51401f4288d0642d156787bfd972800d4f9d5cd7b2de05de14f,c7b46b2d4c87bc9728e51931823d84f86c6fdb8d26a96381d820d9db4fc9e8d2,0314d9625ea47cac08383ae53afe17fb2d539cedbd028cdde64ad9d4f8daf508,2023-07-25T09:35:59.999000+00:00,2024-01-17T23:59:59.999000+00:00,12,1972.311946222320000000,1.97231194622232000,4.1336,1.6882,1.3835,6.3528,0.6506729007525429884538009670,50.00,3.165599016425440873884090008,78.52878589671000000,101972.311946222320000000,Bundle: favors trend/breakout conviction over mean-reversion.
fabca621a2ac4690b6a2e61fee3ed69b,BTC/USDT,momentum_focus,OOS_FOLD,3,OK,,fd99c5e143f5b51401f4288d0642d156787bfd972800d4f9d5cd7b2de05de14f,45c618b35013884e87944d05771b8e0540a0e7586bcb1fd34f4494c493fb97b1,a510dfb30885603535fd9375d0b90e33a0452f68eda781539112675934d00952,2026-01-28T09:35:59.999000+00:00,2026-07-23T23:59:59.999000+00:00,12,-209.670443595075000000,-0.209670443595075000,-0.4343,-0.3293,-0.1816,-0.5907,0.7352782520563343077894625736,50.00,0.7429504412529589650799820325,75.37104026325000000,99790.329556404925000000,Bundle: favors trend/breakout conviction over mean-reversion.
c49d8f67705f46a0af960383e25eaf06,BTC/USDT,reversion_loose_bands,FULL_PERIOD,,OK,,8ff4e821ac59b9a4abcc3318d43f8da3aa43a0714388b5d5cd111b713e763571,c3b6c46ab16152b4c02a258ca947717a105f3dcb4b10d7119e4ee9694a6bf14e,6fd006dd240d942ca3d82b03fec963f4072e8530e73746a05870c4ee2a6d53ab,2019-01-07T23:59:59.999000+00:00,2026-07-23T23:59:59.999000+00:00,178,17858.687793331425000000,17.858687793331425000,2.2016,1.003,0.6904,0.4967,4.432812088141965322736451251,42.69662921348314606741573034,1.797517661662782175201953983,1222.66799734077000000,117858.687793331425000000,Looser RSI/z-score entry bands: only extreme dislocations trigger.
e3b31d9be78e4eaabf25456b93332491,BTC/USDT,reversion_loose_bands,OOS_FOLD,1,OK,,8ff4e821ac59b9a4abcc3318d43f8da3aa43a0714388b5d5cd111b713e763571,a2c5f3b31e6d9c0b9eda7fcad12da44c42d1bd447b97df1a585b8209b2838dc8,3580741f00c48d51ec4276d05850a433291d3d3c7d0330f4e88cb355e541490d,2021-01-18T09:35:59.999000+00:00,2021-07-13T23:59:59.999000+00:00,9,1920.922419616725000000,1.920922419616725000,4.0248,1.5058,0.9669,3.2131,1.252620685653641909281221391,55.55555555555555555555555556,2.501788371387605952753974846,57.34864153242000000,101920.922419616725000000,Looser RSI/z-score entry bands: only extreme dislocations trigger.
9ed6f8cc28024fa3ab72e97d5fcb4f4c,BTC/USDT,reversion_loose_bands,OOS_FOLD,2,OK,,8ff4e821ac59b9a4abcc3318d43f8da3aa43a0714388b5d5cd111b713e763571,c7b46b2d4c87bc9728e51931823d84f86c6fdb8d26a96381d820d9db4fc9e8d2,8fe76e09d11198c4a8c35188eba6242ac6f48993c9f68ffddb76aae6c410abf3,2023-07-25T09:35:59.999000+00:00,2024-01-17T23:59:59.999000+00:00,11,1744.456581290145000000,1.744456581290145000,3.6517,1.6148,1.2048,6.1444,0.5943152921532110449919608862,54.54545454545454545454545455,2.968009142159818082356594940,68.42922100128000000,101744.456581290145000000,Looser RSI/z-score entry bands: only extreme dislocations trigger.
8724bd26365948179f85a644deb40368,BTC/USDT,reversion_loose_bands,OOS_FOLD,3,OK,,8ff4e821ac59b9a4abcc3318d43f8da3aa43a0714388b5d5cd111b713e763571,45c618b35013884e87944d05771b8e0540a0e7586bcb1fd34f4494c493fb97b1,8ce6a6d025d222d6b77ba4c0e14cb03418966560d007a89a590fb8a55b43feaf,2026-01-28T09:35:59.999000+00:00,2026-07-23T23:59:59.999000+00:00,10,-107.058405226950000000,-0.10705840522695000,-0.2219,-0.1871,-0.0908,-0.3218,0.6895009720739915549174844454,50.00,0.8341803742592841573752753359,60.36119384454000000,99892.941594773050000000,Looser RSI/z-score entry bands: only extreme dislocations trigger.
b469e775c0594c60bbaa8334f1d6fdb1,BTC/USDT,reversion_tight_bands,FULL_PERIOD,,OK,,87b01b89f5e470bd166fc274ee69aef928dd05daa51a563d0cd74a274e961309,c3b6c46ab16152b4c02a258ca947717a105f3dcb4b10d7119e4ee9694a6bf14e,a668ec257fcb49cae6fc34481d68d0b9b5e82aeec91dd257bb3837644e0506c1,2019-01-07T23:59:59.999000+00:00,2026-07-23T23:59:59.999000+00:00,201,18099.992045909130000000,18.09999204590913000,2.2294,0.9847,0.7137,0.5119,4.355024098615356256463604352,42.78606965174129353233830846,1.715439544762201209934323897,1363.05620778159000000,118099.992045909130000000,Tighter RSI/z-score entry bands: more mean-reversion signals fire.
eb63c71aaa714528b14fcdfb78deee13,BTC/USDT,reversion_tight_bands,OOS_FOLD,1,OK,,87b01b89f5e470bd166fc274ee69aef928dd05daa51a563d0cd74a274e961309,a2c5f3b31e6d9c0b9eda7fcad12da44c42d1bd447b97df1a585b8209b2838dc8,36d1c4e796de585230481fec9f4dee49e882e7fe939f96454c3cc651e99a7c41,2021-01-18T09:35:59.999000+00:00,2021-07-13T23:59:59.999000+00:00,11,1375.459132837905000000,1.375459132837905000,2.8736,1.0518,0.6571,1.6134,1.781099714324905167100639389,45.45454545454545454545454545,1.753860781765354877179947025,68.19983307882000000,101375.459132837905000000,Tighter RSI/z-score entry bands: more mean-reversion signals fire.
9782a4da8db64135b81a9434db0a3110,BTC/USDT,reversion_tight_bands,OOS_FOLD,2,OK,,87b01b89f5e470bd166fc274ee69aef928dd05daa51a563d0cd74a274e961309,c7b46b2d4c87bc9728e51931823d84f86c6fdb8d26a96381d820d9db4fc9e8d2,9ce500f17519f815689c4ad743c1433281f9692193d25217745c97485cefda28,2023-07-25T09:35:59.999000+00:00,2024-01-17T23:59:59.999000+00:00,12,1694.517219996420000000,1.69451721999642000,3.5462,1.5616,1.2497,5.964,0.5946054085689935969410249761,50.00,2.809712461478415434881518575,74.03453117019000000,101694.517219996420000000,Tighter RSI/z-score entry bands: more mean-reversion signals fire.
dc33817736584db99674a99be4dfee4e,BTC/USDT,reversion_tight_bands,OOS_FOLD,3,OK,,87b01b89f5e470bd166fc274ee69aef928dd05daa51a563d0cd74a274e961309,45c618b35013884e87944d05771b8e0540a0e7586bcb1fd34f4494c493fb97b1,0ce56804b3cf8193c9dc9ca221faf989a819fef168907d3a93a429b127f453c9,2026-01-28T09:35:59.999000+00:00,2026-07-23T23:59:59.999000+00:00,13,-197.972224911195000000,-0.197972224911195000,-0.4101,-0.3289,-0.178,-0.6127,0.6693357589930295266189794285,46.15384615384615384615384615,0.7390839958305349368538999737,76.73819682816000000,99802.027775088805000000,Tighter RSI/z-score entry bands: more mean-reversion signals fire.
3c57e2de646d40168f985303c6831f92,BTC/USDT,tight_risk_structure,FULL_PERIOD,,OK,,6414070e29641f26081343ef281be29273173f2ffcd49abcbb661600e0060f69,c3b6c46ab16152b4c02a258ca947717a105f3dcb4b10d7119e4ee9694a6bf14e,107f0fe626b270defa7f298c2c4daaee811cb1d44021fb76d92e1cbf193a79b0,2019-01-07T23:59:59.999000+00:00,2026-07-23T23:59:59.999000+00:00,188,25485.891420032400000000,25.48589142003240000,3.0546,0.9962,0.7048,0.501,6.097095329644052107749905705,43.08510638297872340425531915,1.755695959540605826537038952,1860.15816067914000000,125485.891420032400000000,Tighter stops/targets across all agents (~0.7x default distance): faster exits.
6982787f2b864e8cb5d29eb38460a5db,BTC/USDT,tight_risk_structure,OOS_FOLD,1,OK,,6414070e29641f26081343ef281be29273173f2ffcd49abcbb661600e0060f69,a2c5f3b31e6d9c0b9eda7fcad12da44c42d1bd447b97df1a585b8209b2838dc8,024b3bad926e994ec6447e7c326c481160d00ebb9037d877465df4ef0246b66b,2021-01-18T09:35:59.999000+00:00,2021-07-13T23:59:59.999000+00:00,11,1873.932886179705000000,1.873932886179705000,3.9254,1.0236,0.6437,1.5349,2.557437364949641122653512579,45.45454545454545454545454545,1.706275597553823783980125336,97.06214527542000000,101873.932886179705000000,Tighter stops/targets across all agents (~0.7x default distance): faster exits.
ed03272c1e5e4223a71ee1f940892a3d,BTC/USDT,tight_risk_structure,OOS_FOLD,2,OK,,6414070e29641f26081343ef281be29273173f2ffcd49abcbb661600e0060f69,c7b46b2d4c87bc9728e51931823d84f86c6fdb8d26a96381d820d9db4fc9e8d2,507e7739f17dd22b4921b2592805f03695d27ab84c0a5d25f664ac66a4ac664f,2023-07-25T09:35:59.999000+00:00,2024-01-17T23:59:59.999000+00:00,12,2391.179945682090000000,2.39117994568209000,5.0227,1.5636,1.2516,6.0058,0.8363086297818310135212244449,50.00,2.808217293402988959123606027,104.75167463883000000,102391.179945682090000000,Tighter stops/targets across all agents (~0.7x default distance): faster exits.
42eecf666f944e83a76da560478dfd58,BTC/USDT,tight_risk_structure,OOS_FOLD,3,OK,,6414070e29641f26081343ef281be29273173f2ffcd49abcbb661600e0060f69,45c618b35013884e87944d05771b8e0540a0e7586bcb1fd34f4494c493fb97b1,052d985ba31956a135edb31b7ec067fa5b43fa533d2ae76b6ba02e67094b12f5,2026-01-28T09:35:59.999000+00:00,2026-07-23T23:59:59.999000+00:00,12,-305.756747871135000000,-0.305756747871135000,-0.6331,-0.3638,-0.2001,-0.6547,0.9670542638195134220426308264,50.00,0.7204313784714176500822225942,100.73607937371000000,99694.243252128865000000,Tighter stops/targets across all agents (~0.7x default distance): faster exits.
5247feb7436743acb95fbba176337ffe,BTC/USDT,trend_confidence_high,FULL_PERIOD,,OK,,32b16dfb0d099c271e996c9fe48ab9a43f0ad0bfe75f2084868bc22a88d8a50c,c3b6c46ab16152b4c02a258ca947717a105f3dcb4b10d7119e4ee9694a6bf14e,1b2bbb1479b038031b9e9de22fb004a35e02ac91342cf8971a830bf3fbf5ec51,2019-01-07T23:59:59.999000+00:00,2026-07-23T23:59:59.999000+00:00,188,20356.059944848815000000,20.356059944848815000,2.4861,1.0052,0.7156,0.5025,4.947004693691567723263911290,43.08510638297872340425531915,1.772156204781963725131712939,1450.43738285787000000,120356.059944848815000000,Only acts on high-conviction trend signals.
45b333a890824719b9bf8ba8543ed0bd,BTC/USDT,trend_confidence_high,OOS_FOLD,1,OK,,32b16dfb0d099c271e996c9fe48ab9a43f0ad0bfe75f2084868bc22a88d8a50c,a2c5f3b31e6d9c0b9eda7fcad12da44c42d1bd447b97df1a585b8209b2838dc8,bbe70530d14a506d2df4662d564febe39fcecca06af421a993b48b4bf71f1510,2021-01-18T09:35:59.999000+00:00,2021-07-13T23:59:59.999000+00:00,11,1602.994767560040000000,1.60299476756004000,3.353,1.0889,0.6969,1.692,1.981734020109928922384351428,45.45454545454545454545454545,1.786827320487347655853531420,76.17589028757000000,101602.994767560040000000,Only acts on high-conviction trend signals.
ddad1f6fb2e34ac694bac43b777c1c94,BTC/USDT,trend_confidence_high,OOS_FOLD,2,OK,,32b16dfb0d099c271e996c9fe48ab9a43f0ad0bfe75f2084868bc22a88d8a50c,c7b46b2d4c87bc9728e51931823d84f86c6fdb8d26a96381d820d9db4fc9e8d2,d4cddf35a68c92580a53f67ab8905fa5271a4624150dd4e245ff50de5fc63023,2023-07-25T09:35:59.999000+00:00,2024-01-17T23:59:59.999000+00:00,12,1984.849977332190000000,1.98484997733219000,4.1602,1.6285,1.3202,6.1606,0.6752889703690412846575103409,50.00,2.987606396116372142049751164,82.63459535733000000,101984.849977332190000000,Only acts on high-conviction trend signals.
d0cb4859d185408e93b159a07ff16032,BTC/USDT,trend_confidence_high,OOS_FOLD,3,OK,,32b16dfb0d099c271e996c9fe48ab9a43f0ad0bfe75f2084868bc22a88d8a50c,45c618b35013884e87944d05771b8e0540a0e7586bcb1fd34f4494c493fb97b1,53d57852a3649d664aa33d21e3edc379e792d58bda0d9dbd154e15ef144d9913,2026-01-28T09:35:59.999000+00:00,2026-07-23T23:59:59.999000+00:00,12,-227.930543683530000000,-0.22793054368353000,-0.4721,-0.3447,-0.1898,-0.6219,0.7591493675763246781364689014,50.00,0.7340730060984049600867517800,79.09726273083000000,99772.069456316470000000,Only acts on high-conviction trend signals.
ce2fbe30bf18458999d3b437a32f7969,BTC/USDT,trend_confidence_low,FULL_PERIOD,,OK,,173b4bcef2c8d64ccb50d19780df2307cfa0073985a173662e5e89455967175b,c3b6c46ab16152b4c02a258ca947717a105f3dcb4b10d7119e4ee9694a6bf14e,f8beef6f0bc6871763cc11ea8cf6f56e4a2f0ca34cfa78709390f4fd5bf6e748,2019-01-07T23:59:59.999000+00:00,2026-07-23T23:59:59.999000+00:00,188,15612.715671346245000000,15.612715671346245000,1.9414,0.9929,0.7049,0.4958,3.915851699801425059398803754,43.08510638297872340425531915,1.764876433661649678389748755,1120.51696659480000000,115612.715671346245000000,Admits lower-conviction trend signals through the critic/consensus stage.
bbe4ca470fc84e96a4b6824dfe33d512,BTC/USDT,trend_confidence_low,OOS_FOLD,1,OK,,173b4bcef2c8d64ccb50d19780df2307cfa0073985a173662e5e89455967175b,a2c5f3b31e6d9c0b9eda7fcad12da44c42d1bd447b97df1a585b8209b2838dc8,9a75371d9a637d13282a2420e67967ffb7c31b0c73616e6e81f164b6b3a9b6be,2021-01-18T09:35:59.999000+00:00,2021-07-13T23:59:59.999000+00:00,11,1085.903936700720000000,1.08590393670072000,2.2652,0.9541,0.5869,1.3743,1.648264823763139394584601194,45.45454545454545454545454545,1.645582700050102131316985727,60.36981541434000000,101085.903936700720000000,Admits lower-conviction trend signals through the critic/consensus stage.
cf55f780638d4e29b5826688c656a6b1,BTC/USDT,trend_confidence_low,OOS_FOLD,2,OK,,173b4bcef2c8d64ccb50d19780df2307cfa0073985a173662e5e89455967175b,c7b46b2d4c87bc9728e51931823d84f86c6fdb8d26a96381d820d9db4fc9e8d2,51f2700159d9d3a376db7e3bb1617269d7ac6e065e53ddaab3d30f9f85729339,2023-07-25T09:35:59.999000+00:00,2024-01-17T23:59:59.999000+00:00,12,1404.999514869825000000,1.404999514869825000,2.9358,1.4725,1.1569,4.9826,0.5892057792436026398182427908,50.00,2.607015264544240381135370544,65.50460596386000000,101404.999514869825000000,Admits lower-conviction trend signals through the critic/consensus stage.
01f44ff387c64255be0c16d08d6a32be,BTC/USDT,trend_confidence_low,OOS_FOLD,3,OK,,173b4bcef2c8d64ccb50d19780df2307cfa0073985a173662e5e89455967175b,45c618b35013884e87944d05771b8e0540a0e7586bcb1fd34f4494c493fb97b1,43e75d14ec15f59d1a6eb434bb6566ca87765c32e509fde7a2a0961249133240,2026-01-28T09:35:59.999000+00:00,2026-07-23T23:59:59.999000+00:00,12,-207.317274099030000000,-0.20731727409903000,-0.4295,-0.3958,-0.2172,-0.7004,0.6131824780961747972865910718,50.00,0.7010239203267501022985717006,63.77955994665000000,99792.682725900970000000,Admits lower-conviction trend signals through the critic/consensus stage.
0195f62b820241f296d9d7a6c16a1224,BTC/USDT,wide_risk_structure,FULL_PERIOD,,OK,,baf4f650b36c781ffa23e4ce7fd964ed540ac966b611195b09df0017f40f2433,c3b6c46ab16152b4c02a258ca947717a105f3dcb4b10d7119e4ee9694a6bf14e,18c26c996a47180195ea992833e95286634e1935d0cd00287143ce91996837fc,2019-01-07T23:59:59.999000+00:00,2026-07-23T23:59:59.999000+00:00,188,12669.408361465515000000,12.669408361465515000,1.5935,0.9984,0.7096,0.4952,3.217728743710763343485277047,43.08510638297872340425531915,1.776473006006100851533578304,896.08235908158000000,112669.408361465515000000,Wider stops/targets across all agents (~1.4x default distance): more room per trade.
43fcbedcd6174889a57a4f3e889293f9,BTC/USDT,wide_risk_structure,OOS_FOLD,1,OK,,baf4f650b36c781ffa23e4ce7fd964ed540ac966b611195b09df0017f40f2433,a2c5f3b31e6d9c0b9eda7fcad12da44c42d1bd447b97df1a585b8209b2838dc8,85e8d6f68437fd69f56fdd33da237b2954a41dc361e0b2ff889bb5aef41eb019,2021-01-18T09:35:59.999000+00:00,2021-07-13T23:59:59.999000+00:00,11,967.866543699705000000,0.967866543699705000,2.0177,1.0297,0.6474,1.5433,1.307374265280137253121526810,45.45454545454545454545454545,1.729221341527339690146985810,48.84998881230000000,100967.866543699705000000,Wider stops/targets across all agents (~1.4x default distance): more room per trade.
ee99919afcb24acfaa1b49c076cf5a03,BTC/USDT,wide_risk_structure,OOS_FOLD,2,OK,,baf4f650b36c781ffa23e4ce7fd964ed540ac966b611195b09df0017f40f2433,c7b46b2d4c87bc9728e51931823d84f86c6fdb8d26a96381d820d9db4fc9e8d2,a47e0d435a3e15eb229e615fc95827fbe03eee6f492f8f7811f3cf6294784ae3,2023-07-25T09:35:59.999000+00:00,2024-01-17T23:59:59.999000+00:00,12,1222.023871352955000000,1.222023871352955000,2.5509,1.5606,1.2481,5.9187,0.4309896114011187546293363126,50.00,2.815387225642507988728192276,53.23110918642000000,101222.023871352955000000,Wider stops/targets across all agents (~1.4x default distance): more room per trade.
1482c4c018674ad48f85c7abd4f9cfe8,BTC/USDT,wide_risk_structure,OOS_FOLD,3,OK,,baf4f650b36c781ffa23e4ce7fd964ed540ac966b611195b09df0017f40f2433,45c618b35013884e87944d05771b8e0540a0e7586bcb1fd34f4494c493fb97b1,10f77aa958f047c484028f4a35c118ab3301b49c821acdb9efbfe38b1f947b76,2026-01-28T09:35:59.999000+00:00,2026-07-23T23:59:59.999000+00:00,12,-152.182148474070000000,-0.15218214847407000,-0.3153,-0.3574,-0.1967,-0.64,0.4926766679133934079426781600,50.00,0.7265940736384679984173589005,51.51178705959000000,99847.817851525930000000,Wider stops/targets across all agents (~1.4x default distance): more room per trade.
2f851f1a74954b3f8194ff0f5a067a8f,ETH/USDT,aggressive_regime,FULL_PERIOD,,OK,,875ef99b96e13d94f060b2aff45de4a0d2f0c014b4cc01e4cfdd3f622663f711,da2c903bbe9e1aa27aa3d69313b5188a3e9bc4970d6ab017aad6a71e7576a7a6,3cbf969b82bf5e2698311033978765ea7f7446aaaa73f3f9e5ee731a8d25b63f,2019-01-07T23:59:59.999000+00:00,2026-07-23T23:59:59.999000+00:00,264,14310.495357679920000000,14.31049535767992000,1.7884,0.6108,0.4132,0.2748,6.508516394694849152703639875,38.63636363636363636363636364,1.350359780918624982560557866,1736.33374401417000000,114310.495357679920000000,"Looser regime classification: lower ADX bar for 'trending', higher vol bar for 'high-vol'."
bfdafc39ed624cbb8206658d379a1735,ETH/USDT,aggressive_regime,OOS_FOLD,1,OK,,875ef99b96e13d94f060b2aff45de4a0d2f0c014b4cc01e4cfdd3f622663f711,b3f2b1d2718a522cd2e992344ee363340017ce075d94abb3398a300d75bd9b4e,5fd78f460c65fad6a3fcfcadcdcc352fab392a654cb5f58f6b88b8584a1e07c8,2021-01-18T09:35:59.999000+00:00,2021-07-13T23:59:59.999000+00:00,17,51.607413341730000000,0.05160741334173000,0.1071,0.0471,0.0269,0.0477,2.243861066259568704869468537,35.29411764705882352941176471,1.012360581836692760485723111,103.14584541549000000,100051.607413341730000000,"Looser regime classification: lower ADX bar for 'trending', higher vol bar for 'high-vol'."
a49c769daf2848c1a35fa0dc61e3e5ca,ETH/USDT,aggressive_regime,OOS_FOLD,2,OK,,875ef99b96e13d94f060b2aff45de4a0d2f0c014b4cc01e4cfdd3f622663f711,b5fc70afa8465a0980ced3a5fe10bf278dfbb14a4ef0f496d9fae177f08f3ecb,cba8c9348cdbe0ccc97b23e37d93a60c68ac87b28c8a0c18f8bd3d4ac415775b,2023-07-25T09:35:59.999000+00:00,2024-01-17T23:59:59.999000+00:00,15,-312.001712890560000000,-0.31200171289056000,-0.646,-0.2883,-0.1894,-0.39,1.656301814277623973239502399,40.00,0.8510328857844617040935232217,90.52516255167000000,99687.998287109440000000,"Looser regime classification: lower ADX bar for 'trending', higher vol bar for 'high-vol'."
f3d47b52f4df48a2af9aec2ae76182fa,ETH/USDT,aggressive_regime,OOS_FOLD,3,OK,,875ef99b96e13d94f060b2aff45de4a0d2f0c014b4cc01e4cfdd3f622663f711,5ba949320c0dd6430efd7697ad14513fa051bca1107c2a7082857806ddf60709,d440ce76f701bcf41cff426c496aee190691cca97c089a1916566b552038100d,2026-01-28T09:35:59.999000+00:00,2026-07-23T23:59:59.999000+00:00,16,78.362139449715000000,0.078362139449715000,0.1626,0.0987,0.0545,0.1595,1.019734618312532174817797658,31.25000,1.073286971959367802989823056,96.38694339318000000,100078.362139449715000000,"Looser regime classification: lower ADX bar for 'trending', higher vol bar for 'high-vol'."
7051c83b0a294ac69c46ca2e2be70f0e,ETH/USDT,baseline,FULL_PERIOD,,OK,,c63e557c0481f3579aa7685b5b0456e124d89e0cba093820bd401776049c85a6,da2c903bbe9e1aa27aa3d69313b5188a3e9bc4970d6ab017aad6a71e7576a7a6,901be4f84bce6d1ae60166d555211a9bdba34254fc257ceca3771004f9608b47,2019-01-07T23:59:59.999000+00:00,2026-07-23T23:59:59.999000+00:00,219,11659.523937401025000000,11.659523937401025000,1.4724,0.5567,0.3412,0.2278,6.463009082372066356864174381,38.81278538812785388127853881,1.346681935221944755739150208,1413.54908512083000000,111659.523937401025000000,Unmodified production defaults. Reference point every other variant is judged against.
3e98030893334cb5944dbb53da866d74,ETH/USDT,baseline,OOS_FOLD,1,OK,,c63e557c0481f3579aa7685b5b0456e124d89e0cba093820bd401776049c85a6,b3f2b1d2718a522cd2e992344ee363340017ce075d94abb3398a300d75bd9b4e,eef4179f781a2c2157836832769d0da86d058e932b586e6dfd82305ad686057b,2021-01-18T09:35:59.999000+00:00,2021-07-13T23:59:59.999000+00:00,11,-204.688848935895000000,-0.204688848935895000,-0.424,-0.1244,-0.0572,-0.222,1.90957109850186000,27.27272727272727272727272727,0.9380841882138486136933963364,66.08617483284000000,99795.311151064105000000,Unmodified production defaults. Reference point every other variant is judged against.
1a93b240269b4474b5b0a86b68c4270e,ETH/USDT,baseline,OOS_FOLD,2,OK,,c63e557c0481f3579aa7685b5b0456e124d89e0cba093820bd401776049c85a6,b5fc70afa8465a0980ced3a5fe10bf278dfbb14a4ef0f496d9fae177f08f3ecb,961cfd868bbe61a218ccee670e464b23955acec66b74ad03ff187931b249e56a,2023-07-25T09:35:59.999000+00:00,2024-01-17T23:59:59.999000+00:00,13,-884.192291363925000000,-0.884192291363925000,-1.825,-0.9902,-0.5469,-1.2683,1.438893117482384138613383989,38.46153846153846153846153846,0.5434145632493508449901742878,77.94194792211000000,99115.807708636075000000,Unmodified production defaults. Reference point every other variant is judged against.
18aa5301f7084dcaae1d5f1014b3b830,ETH/USDT,baseline,OOS_FOLD,3,OK,,c63e557c0481f3579aa7685b5b0456e124d89e0cba093820bd401776049c85a6,5ba949320c0dd6430efd7697ad14513fa051bca1107c2a7082857806ddf60709,672ae1abe33c941e9fd627842a26c7c9acfe67f40ec03b9c7b44e1aa6a18f164,2026-01-28T09:35:59.999000+00:00,2026-07-23T23:59:59.999000+00:00,15,-142.197693928380000000,-0.14219769392838000,-0.2947,-0.158,-0.0857,-0.3076,0.9581397726886212013151928919,26.66666666666666666666666667,0.8767521375812690395815055223,90.11948235795000000,99857.802306071620000000,Unmodified production defaults. Reference point every other variant is judged against.
0b4b87d7bde646a0a2c762c1ccf0aed4,ETH/USDT,breakout_sensitive,FULL_PERIOD,,OK,,854c75c09f99a277eeba5bdd765011d0e543065a89be86cc5df75390a2246408,da2c903bbe9e1aa27aa3d69313b5188a3e9bc4970d6ab017aad6a71e7576a7a6,c7ca7dcc20174e0cf034f39c49870e4be50e827b58fc91c6ec9d85851885aad3,2019-01-07T23:59:59.999000+00:00,2026-07-23T23:59:59.999000+00:00,172,6020.891626359960000000,6.02089162635996000,0.7779,0.3219,0.1688,0.1189,6.544082896355964910680595092,38.37209302325581395348837209,1.208893699842025875458700230,1072.51859006775000000,106020.891626359960000000,Lower relative-volume bar for breakout confirmation: more breakout signals fire.
02c94f702a83463cacda32d462b50d3e,ETH/USDT,breakout_sensitive,OOS_FOLD,1,OK,,854c75c09f99a277eeba5bdd765011d0e543065a89be86cc5df75390a2246408,b3f2b1d2718a522cd2e992344ee363340017ce075d94abb3398a300d75bd9b4e,4fc73a5d0441508d451b7b0a33f2053754e653bb23d60a6bc048f6d76400270b,2021-01-18T09:35:59.999000+00:00,2021-07-13T23:59:59.999000+00:00,13,-1094.655043297215000000,-1.094655043297215000,-2.2568,-0.5992,-0.2612,-0.7978,2.828839303728260715691640170,30.76923076923076923076923077,0.7566703486020314187226335447,77.46322243680000000,98905.344956702785000000,Lower relative-volume bar for breakout confirmation: more breakout signals fire.
f5988f82aab54bd692cacd2a7d179f30,ETH/USDT,breakout_sensitive,OOS_FOLD,2,OK,,854c75c09f99a277eeba5bdd765011d0e543065a89be86cc5df75390a2246408,b5fc70afa8465a0980ced3a5fe10bf278dfbb14a4ef0f496d9fae177f08f3ecb,1e6dc8ed4122c688a8f56b8a9eccea67a722e76b583093892056b552dd981d46,2023-07-25T09:35:59.999000+00:00,2024-01-17T23:59:59.999000+00:00,13,-893.058226743450000000,-0.89305822674345000,-1.8432,-0.9987,-0.5508,-1.281,1.438918311510749599794150771,38.46153846153846153846153846,0.5409380115834369652739349475,78.13263367548000000,99106.941773256550000000,Lower relative-volume bar for breakout confirmation: more breakout signals fire.
30bd6227a50d4dedbad3d5034c468fc6,ETH/USDT,breakout_sensitive,OOS_FOLD,3,OK,,854c75c09f99a277eeba5bdd765011d0e543065a89be86cc5df75390a2246408,5ba949320c0dd6430efd7697ad14513fa051bca1107c2a7082857806ddf60709,ad2b4eb7f32b492b2a25c7e4066b2256a47ad5ab0332d98d12dec1fa2dd500c9,2026-01-28T09:35:59.999000+00:00,2026-07-23T23:59:59.999000+00:00,15,-142.197693928380000000,-0.14219769392838000,-0.2947,-0.158,-0.0857,-0.3076,0.9581397726886212013151928919,26.66666666666666666666666667,0.8767521375812690395815055223,90.11948235795000000,99857.802306071620000000,Lower relative-volume bar for breakout confirmation: more breakout signals fire.
a715534748404fd980ee55fe7428d817,ETH/USDT,breakout_strict,FULL_PERIOD,,OK,,c3ca2c77ddf824df656bd6b276a672913260322d0b902126bd3faf440a510d21,da2c903bbe9e1aa27aa3d69313b5188a3e9bc4970d6ab017aad6a71e7576a7a6,0e7f40bc21ee0820a233148068d03edad09f92a13e296719daa5eeaffe26a3e5,2019-01-07T23:59:59.999000+00:00,2026-07-23T23:59:59.999000+00:00,173,6098.860289107890000000,6.09886028910789000,0.7877,0.331,0.1767,0.1194,6.597512287296958660410120877,37.57225433526011560693641618,1.211849621744426859146994834,1102.88096119386000000,106098.860289107890000000,"Higher relative-volume bar for breakout confirmation: fewer, stronger signals."
4ba37c55d7934ec4b87c4e17108ca724,ETH/USDT,breakout_strict,OOS_FOLD,1,OK,,c3ca2c77ddf824df656bd6b276a672913260322d0b902126bd3faf440a510d21,b3f2b1d2718a522cd2e992344ee363340017ce075d94abb3398a300d75bd9b4e,2ca0de386da0976a9a29c00f539a17866e0c01fc11eb3cdd857b16d751bf4a6a,2021-01-18T09:35:59.999000+00:00,2021-07-13T23:59:59.999000+00:00,11,-204.688848935895000000,-0.204688848935895000,-0.424,-0.1244,-0.0572,-0.222,1.90957109850186000,27.27272727272727272727272727,0.9380841882138486136933963364,66.08617483284000000,99795.311151064105000000,"Higher relative-volume bar for breakout confirmation: fewer, stronger signals."
abcc8133f50a454ebec73dc240e743ae,ETH/USDT,breakout_strict,OOS_FOLD,2,OK,,c3ca2c77ddf824df656bd6b276a672913260322d0b902126bd3faf440a510d21,b5fc70afa8465a0980ced3a5fe10bf278dfbb14a4ef0f496d9fae177f08f3ecb,a2fada97711e8c7b9cb8bf416772b9bd7021b93376ebfe4c38868fde9cf0b99f,2023-07-25T09:35:59.999000+00:00,2024-01-17T23:59:59.999000+00:00,13,-872.544765967230000000,-0.87254476596723000,-1.8011,-0.9793,-0.5422,-1.2619,1.427310777368532972059781908,38.46153846153846153846153846,0.5467066793874703256907372977,77.75747115354000000,99127.455234032770000000,"Higher relative-volume bar for breakout confirmation: fewer, stronger signals."
e8c0ad2cdffe452f99482bcca7024fce,ETH/USDT,breakout_strict,OOS_FOLD,3,OK,,c3ca2c77ddf824df656bd6b276a672913260322d0b902126bd3faf440a510d21,5ba949320c0dd6430efd7697ad14513fa051bca1107c2a7082857806ddf60709,3c6136221510a70c325ad94eafc438a017deadff01aa6c7386a4f8f1ceecd1e6,2026-01-28T09:35:59.999000+00:00,2026-07-23T23:59:59.999000+00:00,15,-142.197693928380000000,-0.14219769392838000,-0.2947,-0.158,-0.0857,-0.3076,0.9581397726886212013151928919,26.66666666666666666666666667,0.8767521375812690395815055223,90.11948235795000000,99857.802306071620000000,"Higher relative-volume bar for breakout confirmation: fewer, stronger signals."
a51c226b156a4b579756f1ff3903d2d9,ETH/USDT,conservative_regime,FULL_PERIOD,,OK,,2346ba159652e527da38d57298ca6842d6b8e893b357710d66fecaab427e7516,da2c903bbe9e1aa27aa3d69313b5188a3e9bc4970d6ab017aad6a71e7576a7a6,dca394ea420e13e31d119174afa59ac8215e853c78dbb012a7b17c694e301dc2,2019-01-07T23:59:59.999000+00:00,2026-07-23T23:59:59.999000+00:00,168,11686.725484883340000000,11.68672548488334000,1.4757,0.6111,0.3272,0.2735,5.395502250253840882577138154,40.47619047619047619047619048,1.444574151137819934350598742,1117.97172924993000000,111686.725484883340000000,"Stricter regime classification: higher ADX bar for 'trending', lower vol bar for 'high-vol'."
de9a323a240c4300aa92f979a6870462,ETH/USDT,conservative_regime,OOS_FOLD,1,OK,,2346ba159652e527da38d57298ca6842d6b8e893b357710d66fecaab427e7516,b3f2b1d2718a522cd2e992344ee363340017ce075d94abb3398a300d75bd9b4e,ed8a457eeb9ab974b988643e7cca34afc14c22f493710b8b9ffa4f4b45517cd3,2021-01-18T09:35:59.999000+00:00,2021-07-13T23:59:59.999000+00:00,5,229.650612856650000000,0.22965061285665000,0.4769,0.2707,0.0795,0.5573,0.8557736468937944015785161233,40.00,1.206399843692547972700530057,31.42523232099000000,100229.650612856650000000,"Stricter regime classification: higher ADX bar for 'trending', lower vol bar for 'high-vol'."
1c0e34094a0f4609801752e55943c249,ETH/USDT,conservative_regime,OOS_FOLD,2,OK,,2346ba159652e527da38d57298ca6842d6b8e893b357710d66fecaab427e7516,b5fc70afa8465a0980ced3a5fe10bf278dfbb14a4ef0f496d9fae177f08f3ecb,4de052560470251a33c6b3288cfdac2565e9198d6f266da6ab772ad0fea5d3e6,2023-07-25T09:35:59.999000+00:00,2024-01-17T23:59:59.999000+00:00,11,-797.710784731230000000,-0.79771078473123000,-1.6473,-0.9272,-0.4511,-1.1049,1.490838438409907728523889882,36.36363636363636363636363636,0.5585669452767017594610357071,66.03754636998000000,99202.289215268770000000,"Stricter regime classification: higher ADX bar for 'trending', lower vol bar for 'high-vol'."
8a657863b66f4b3490241b048776f97d,ETH/USDT,conservative_regime,OOS_FOLD,3,OK,,2346ba159652e527da38d57298ca6842d6b8e893b357710d66fecaab427e7516,5ba949320c0dd6430efd7697ad14513fa051bca1107c2a7082857806ddf60709,f190dc2f5f4f7785dbeee24558bd7256bedc7666bec611b5d9fb2c45ed0532aa,2026-01-28T09:35:59.999000+00:00,2026-07-23T23:59:59.999000+00:00,13,-618.153965753595000000,-0.618153965753595000,-1.2777,-0.8082,-0.4117,-0.9834,1.299322041747978508282171222,23.07692307692307692307692308,0.5670464969419774563777390856,77.24140044084000000,99381.846034246405000000,"Stricter regime classification: higher ADX bar for 'trending', lower vol bar for 'high-vol'."
fb8a5ea8b0e04f8da81aa42d30c32c9c,ETH/USDT,high_conviction_only,FULL_PERIOD,,OK,,b4d49e8e6d21dfb4472f1c03dfdbc121f6e73874f4eb36f05c088a390ddc0d72,da2c903bbe9e1aa27aa3d69313b5188a3e9bc4970d6ab017aad6a71e7576a7a6,a9d6e9dd1103bdc1bc9f826d199d4d80443a65820caf67d16d5b5647db1849c3,2019-01-07T23:59:59.999000+00:00,2026-07-23T23:59:59.999000+00:00,170,7759.937304292095000000,7.759937304292095000,0.9954,0.3701,0.1968,0.1519,6.553556763496425600534179567,38.23529411764705882352941176,1.242477099682213103386341200,1235.52816395112000000,107759.937304292095000000,"Bundle: raises every agent's confidence bar simultaneously (fewer, higher-quality trades)."
6585255626a74aaa817e8529f907f746,ETH/USDT,high_conviction_only,OOS_FOLD,1,OK,,b4d49e8e6d21dfb4472f1c03dfdbc121f6e73874f4eb36f05c088a390ddc0d72,b3f2b1d2718a522cd2e992344ee363340017ce075d94abb3398a300d75bd9b4e,a981e665b874d533a8842f3d29a63f6759740c60dc5650659a8566ce16edfa65,2021-01-18T09:35:59.999000+00:00,2021-07-13T23:59:59.999000+00:00,11,-235.890006596820000000,-0.23589000659682000,-0.4886,-0.1249,-0.0574,-0.226,2.16234300736584000,27.27272727272727272727272727,0.9370078856918653772324544949,74.83489902117000000,99764.109993403180000000,"Bundle: raises every agent's confidence bar simultaneously (fewer, higher-quality trades)."
d67f409b0b4a47428d984b5e4614760c,ETH/USDT,high_conviction_only,OOS_FOLD,2,OK,,b4d49e8e6d21dfb4472f1c03dfdbc121f6e73874f4eb36f05c088a390ddc0d72,b5fc70afa8465a0980ced3a5fe10bf278dfbb14a4ef0f496d9fae177f08f3ecb,1263c55240db79216a0e9ccbdcb462f14b1a61e7e08f83d55749241fc38cd444,2023-07-25T09:35:59.999000+00:00,2024-01-17T23:59:59.999000+00:00,13,-1000.709191352685000000,-1.000709191352685000,-2.0642,-0.9885,-0.5462,-1.268,1.627866941343913586858209086,38.46153846153846153846153846,0.5436630697575693625417996484,88.28424526212000000,98999.290808647315000000,"Bundle: raises every agent's confidence bar simultaneously (fewer, higher-quality trades)."
51b543f4835e4160bab7fc5030adbfa1,ETH/USDT,high_conviction_only,OOS_FOLD,3,OK,,b4d49e8e6d21dfb4472f1c03dfdbc121f6e73874f4eb36f05c088a390ddc0d72,5ba949320c0dd6430efd7697ad14513fa051bca1107c2a7082857806ddf60709,8f8186855e458b36a9ba0f5a24056511680780c069405ad1715bced5b32d2a40,2026-01-28T09:35:59.999000+00:00,2026-07-23T23:59:59.999000+00:00,15,-162.136207763460000000,-0.16213620776346000,-0.336,-0.1578,-0.0856,-0.3095,1.085678725527903890895445889,26.66666666666666666666666667,0.8760675134669468902905979623,102.20294031444000000,99837.863792236540000000,"Bundle: raises every agent's confidence bar simultaneously (fewer, higher-quality trades)."
1a24a0539cfa48b38e68f1a969833f97,ETH/USDT,low_conviction_admitted,FULL_PERIOD,,OK,,e8000e06d79922eef28a8aaa26407d5bf561d5f343a89387a19e159c01789cc7,da2c903bbe9e1aa27aa3d69313b5188a3e9bc4970d6ab017aad6a71e7576a7a6,3955f5bfd56f14f844ec8c54b202e33edc48ad63df237158ae2148c3860b0ddf,2019-01-07T23:59:59.999000+00:00,2026-07-23T23:59:59.999000+00:00,219,10020.278376210810000000,10.02027837621081000,1.2737,0.5518,0.3378,0.2241,5.684447145028311182931841541,38.81278538812785388127853881,1.344152811074991348209223059,1220.01136316424000000,110020.278376210810000000,"Bundle: lowers every agent's confidence bar simultaneously (more, noisier trades)."
8bb7503daecf433587250691351a0b10,ETH/USDT,low_conviction_admitted,OOS_FOLD,1,OK,,e8000e06d79922eef28a8aaa26407d5bf561d5f343a89387a19e159c01789cc7,b3f2b1d2718a522cd2e992344ee363340017ce075d94abb3398a300d75bd9b4e,7254390f9c8cb69f7c6c3ea5247687d86b3e179d54d7ce049f48540c639dd94b,2021-01-18T09:35:59.999000+00:00,2021-07-13T23:59:59.999000+00:00,11,-174.131688122160000000,-0.17413168812216000,-0.3608,-0.1238,-0.0569,-0.2178,1.65641318911938000,27.27272727272727272727272727,0.9392525320339800139708128214,57.32290473498000000,99825.868311877840000000,"Bundle: lowers every agent's confidence bar simultaneously (more, noisier trades)."
757a9728095c4355bfdc9ee143fbd7a7,ETH/USDT,low_conviction_admitted,OOS_FOLD,2,OK,,e8000e06d79922eef28a8aaa26407d5bf561d5f343a89387a19e159c01789cc7,b5fc70afa8465a0980ced3a5fe10bf278dfbb14a4ef0f496d9fae177f08f3ecb,5055a0a883e19221a60765181f43485ab5a2ae3d3977fc4c490510c0c6115da1,2023-07-25T09:35:59.999000+00:00,2024-01-17T23:59:59.999000+00:00,13,-767.658777771240000000,-0.76765877777124000,-1.5855,-0.9921,-0.5478,-1.2687,1.249658258800039336476380836,38.46153846153846153846153846,0.5430930592358066986041103987,67.59760106367000000,99232.341222228760000000,"Bundle: lowers every agent's confidence bar simultaneously (more, noisier trades)."
9fdd61225a63489a81b5062992b6f0ee,ETH/USDT,low_conviction_admitted,OOS_FOLD,3,OK,,e8000e06d79922eef28a8aaa26407d5bf561d5f343a89387a19e159c01789cc7,5ba949320c0dd6430efd7697ad14513fa051bca1107c2a7082857806ddf60709,91eab36b2fabf34ca587f21d517247dba52df42c59679c0d73e28c849476f528,2026-01-28T09:35:59.999000+00:00,2026-07-23T23:59:59.999000+00:00,15,-122.301714398085000000,-0.122301714398085000,-0.2535,-0.1579,-0.0856,-0.3053,0.8304049366946651296064062728,26.66666666666666666666666667,0.8776057744772033788876113575,78.02710741737000000,99877.698285601915000000,"Bundle: lowers every agent's confidence bar simultaneously (more, noisier trades)."
9fbf81d4efeb4b80a4fd4384657d15fa,ETH/USDT,mean_reversion_focus,FULL_PERIOD,,OK,,f0bc4bdbe5483758d0777bfc4f3bab31ddc036c6c318dcafea1ac7dfbf6b3645,da2c903bbe9e1aa27aa3d69313b5188a3e9bc4970d6ab017aad6a71e7576a7a6,32d000ff6c69787f69f9f8929885fbc08af16976467d46d817670a39eea0ac87,2019-01-07T23:59:59.999000+00:00,2026-07-23T23:59:59.999000+00:00,219,9120.933291803820000000,9.12093329180382000,1.1636,0.5242,0.319,0.2037,5.712693401241356984341037237,38.81278538812785388127853881,1.322844016533638038763701973,1190.69417767626000000,109120.933291803820000000,Bundle: favors mean-reversion conviction over trend/breakout.
2a92d287fdf1477ea65237a4cb3fe2a0,ETH/USDT,mean_reversion_focus,OOS_FOLD,1,OK,,f0bc4bdbe5483758d0777bfc4f3bab31ddc036c6c318dcafea1ac7dfbf6b3645,b3f2b1d2718a522cd2e992344ee363340017ce075d94abb3398a300d75bd9b4e,a0b239d922ea3010fded225b94787a3616671c850675cad48691c5c3f68262b3,2021-01-18T09:35:59.999000+00:00,2021-07-13T23:59:59.999000+00:00,11,-165.220249209555000000,-0.165220249209555000,-0.3423,-0.1236,-0.0568,-0.2166,1.58049947398452000,27.27272727272727272727272727,0.9395838212607873837727378028,54.69144017364000000,99834.779750790445000000,Bundle: favors mean-reversion conviction over trend/breakout.
e5b136977e8342e99c8b9a4c2b8c062f,ETH/USDT,mean_reversion_focus,OOS_FOLD,2,OK,,f0bc4bdbe5483758d0777bfc4f3bab31ddc036c6c318dcafea1ac7dfbf6b3645,b5fc70afa8465a0980ced3a5fe10bf278dfbb14a4ef0f496d9fae177f08f3ecb,12df9b10c28585f81588328ee31bafd31511348bc061da3477116b69e0f4256b,2023-07-25T09:35:59.999000+00:00,2024-01-17T23:59:59.999000+00:00,13,-728.079620900250000000,-0.72807962090025000,-1.504,-0.9875,-0.5458,-1.2657,1.188281096937332745990746676,38.46153846153846153846153846,0.5445486396777510350575386023,64.41739017795000000,99271.920379099750000000,Bundle: favors mean-reversion conviction over trend/breakout.
95ee8ce33df24ac2a60bc72038c85b58,ETH/USDT,mean_reversion_focus,OOS_FOLD,3,OK,,f0bc4bdbe5483758d0777bfc4f3bab31ddc036c6c318dcafea1ac7dfbf6b3645,5ba949320c0dd6430efd7697ad14513fa051bca1107c2a7082857806ddf60709,7a4c3d0f037223bd9fddd62448a51dd4f836b11d223d171fb54ef383665342ae,2026-01-28T09:35:59.999000+00:00,2026-07-23T23:59:59.999000+00:00,15,-162.907645879215000000,-0.162907645879215000,-0.3376,-0.2187,-0.1176,-0.4027,0.8384117969504115148255586997,26.66666666666666666666666667,0.8369807867960628282285151684,78.29815089258000000,99837.092354120785000000,Bundle: favors mean-reversion conviction over trend/breakout.
7a99e22fe9e04c8f832ed449498c80be,ETH/USDT,momentum_focus,FULL_PERIOD,,OK,,fd99c5e143f5b51401f4288d0642d156787bfd972800d4f9d5cd7b2de05de14f,da2c903bbe9e1aa27aa3d69313b5188a3e9bc4970d6ab017aad6a71e7576a7a6,e42905f96fb2e6e9b28d7fe95f46861d9ccca14fffa2ab72bb77d5ebe8643941,2019-01-07T23:59:59.999000+00:00,2026-07-23T23:59:59.999000+00:00,172,7298.158679212185000000,7.298158679212185000,0.938,0.3607,0.1933,0.1437,6.526255017090897389932092388,37.79069767441860465116279070,1.234475221009278178062796905,1199.94652399833000000,107298.158679212185000000,Bundle: favors trend/breakout conviction over mean-reversion.
ba5852b483864cdcadfa9834a82bc845,ETH/USDT,momentum_focus,OOS_FOLD,1,OK,,fd99c5e143f5b51401f4288d0642d156787bfd972800d4f9d5cd7b2de05de14f,b3f2b1d2718a522cd2e992344ee363340017ce075d94abb3398a300d75bd9b4e,de8abc9678b3a41021dd539f452027cdd391b49f70d83359af9a06e6fb963a06,2021-01-18T09:35:59.999000+00:00,2021-07-13T23:59:59.999000+00:00,11,-226.036695526800000000,-0.22603669552680000,-0.4682,-0.1245,-0.0572,-0.2244,2.08652131746324000,27.27272727272727272727272727,0.9374390546298673056999725127,72.21267724779000000,99773.963304473200000000,Bundle: favors trend/breakout conviction over mean-reversion.
ee80471c6ac54013a68e660c36d521aa,ETH/USDT,momentum_focus,OOS_FOLD,2,OK,,fd99c5e143f5b51401f4288d0642d156787bfd972800d4f9d5cd7b2de05de14f,b5fc70afa8465a0980ced3a5fe10bf278dfbb14a4ef0f496d9fae177f08f3ecb,1e61ca324712791da90e348719ce9b87ae33b4cc61e1a20e60089412af065b38,2023-07-25T09:35:59.999000+00:00,2024-01-17T23:59:59.999000+00:00,13,-961.171968789870000000,-0.96117196878987000,-1.9831,-0.9851,-0.5447,-1.2658,1.566640366654940570690263848,38.46153846153846153846153846,0.5447839515535765250095870719,85.11197417865000000,99038.828031210130000000,Bundle: favors trend/breakout conviction over mean-reversion.
e9b819a8dcf3489e951f953d82f9c13b,ETH/USDT,momentum_focus,OOS_FOLD,3,OK,,fd99c5e143f5b51401f4288d0642d156787bfd972800d4f9d5cd7b2de05de14f,5ba949320c0dd6430efd7697ad14513fa051bca1107c2a7082857806ddf60709,e399aecc4d9a58875bf1d5255d78990116d827248ef9d4c2d10c7658a022d664,2026-01-28T09:35:59.999000+00:00,2026-07-23T23:59:59.999000+00:00,15,-121.366943010405000000,-0.121366943010405000,-0.2515,-0.1218,-0.0663,-0.2483,1.012948418752289422740444788,26.66666666666666666666666667,0.9011051309521185272174651750,95.80140717552000000,99878.633056989595000000,Bundle: favors trend/breakout conviction over mean-reversion.
d1389e300c834744a473b560cba0b2a5,ETH/USDT,reversion_loose_bands,FULL_PERIOD,,OK,,8ff4e821ac59b9a4abcc3318d43f8da3aa43a0714388b5d5cd111b713e763571,da2c903bbe9e1aa27aa3d69313b5188a3e9bc4970d6ab017aad6a71e7576a7a6,1f83acd59245d2466aee66d3933616a4cca7a7bb7df8dac9c2410050217d905c,2019-01-07T23:59:59.999000+00:00,2026-07-23T23:59:59.999000+00:00,208,13294.643116448805000000,13.294643116448805000,1.6681,0.6276,0.3774,0.2639,6.321302040051216095778778348,39.90384615384615384615384615,1.415994485534823908765071614,1366.21049606586000000,113294.643116448805000000,Looser RSI/z-score entry bands: only extreme dislocations trigger.
fdd4edc9e5f544cb8fecc6220a9c6acc,ETH/USDT,reversion_loose_bands,OOS_FOLD,1,OK,,8ff4e821ac59b9a4abcc3318d43f8da3aa43a0714388b5d5cd111b713e763571,b3f2b1d2718a522cd2e992344ee363340017ce075d94abb3398a300d75bd9b4e,14778b267852392be8fbff57419d37347654495ec1eb6ec1610c0fb9d75df25a,2021-01-18T09:35:59.999000+00:00,2021-07-13T23:59:59.999000+00:00,11,-204.688848935895000000,-0.204688848935895000,-0.424,-0.1244,-0.0572,-0.222,1.90957109850186000,27.27272727272727272727272727,0.9380841882138486136933963364,66.08617483284000000,99795.311151064105000000,Looser RSI/z-score entry bands: only extreme dislocations trigger.
a81fa9640d9442d98cce22c460e0e1f3,ETH/USDT,reversion_loose_bands,OOS_FOLD,2,OK,,8ff4e821ac59b9a4abcc3318d43f8da3aa43a0714388b5d5cd111b713e763571,b5fc70afa8465a0980ced3a5fe10bf278dfbb14a4ef0f496d9fae177f08f3ecb,db62c829bafd91e19ecef9751c749fe8d5c7f5a2194ce28229d0bd04937e62c6,2023-07-25T09:35:59.999000+00:00,2024-01-17T23:59:59.999000+00:00,13,-884.192291363925000000,-0.884192291363925000,-1.825,-0.9902,-0.5469,-1.2683,1.438893117482384138613383989,38.46153846153846153846153846,0.5434145632493508449901742878,77.94194792211000000,99115.807708636075000000,Looser RSI/z-score entry bands: only extreme dislocations trigger.
49664027cf384c6a87b6120cb8e21d74,ETH/USDT,reversion_loose_bands,OOS_FOLD,3,OK,,8ff4e821ac59b9a4abcc3318d43f8da3aa43a0714388b5d5cd111b713e763571,5ba949320c0dd6430efd7697ad14513fa051bca1107c2a7082857806ddf60709,940f540ba15d61bd14ec48634306b383f64aec49c7fa01f1a9a5fd36ea5ad25e,2026-01-28T09:35:59.999000+00:00,2026-07-23T23:59:59.999000+00:00,14,-154.843501568175000000,-0.154843501568175000,-0.3209,-0.1756,-0.0891,-0.3306,0.9705990311234079610950785058,28.57142857142857142857142857,0.8672335453086182934612052402,84.46663042839000000,99845.156498431825000000,Looser RSI/z-score entry bands: only extreme dislocations trigger.
80ffa16b88eb494fa82866cce0553a08,ETH/USDT,reversion_tight_bands,FULL_PERIOD,,OK,,87b01b89f5e470bd166fc274ee69aef928dd05daa51a563d0cd74a274e961309,da2c903bbe9e1aa27aa3d69313b5188a3e9bc4970d6ab017aad6a71e7576a7a6,893f6aaadf7f7c244faf1e2bcf118328913af26cbf96c6681872fe7d9715a19b,2019-01-07T23:59:59.999000+00:00,2026-07-23T23:59:59.999000+00:00,174,8039.954347541175000000,8.039954347541175000,1.0302,0.4181,0.2258,0.1554,6.627759756126269297497061017,37.35632183908045977011494253,1.272331138697812342598979510,1131.01267425093000000,108039.954347541175000000,Tighter RSI/z-score entry bands: more mean-reversion signals fire.
78405b55b92a427980d2548d24c2dd39,ETH/USDT,reversion_tight_bands,OOS_FOLD,1,OK,,87b01b89f5e470bd166fc274ee69aef928dd05daa51a563d0cd74a274e961309,b3f2b1d2718a522cd2e992344ee363340017ce075d94abb3398a300d75bd9b4e,ad5dbab5b931b834d77ddccd977b7ccf5761c6329e14f72d24d4409c380f0810,2021-01-18T09:35:59.999000+00:00,2021-07-13T23:59:59.999000+00:00,11,-204.688848935895000000,-0.204688848935895000,-0.424,-0.1244,-0.0572,-0.222,1.90957109850186000,27.27272727272727272727272727,0.9380841882138486136933963364,66.08617483284000000,99795.311151064105000000,Tighter RSI/z-score entry bands: more mean-reversion signals fire.
bd95119e6309448ab99d698ab0b620b5,ETH/USDT,reversion_tight_bands,OOS_FOLD,2,OK,,87b01b89f5e470bd166fc274ee69aef928dd05daa51a563d0cd74a274e961309,b5fc70afa8465a0980ced3a5fe10bf278dfbb14a4ef0f496d9fae177f08f3ecb,48d1f3ec0cda2edb45b95c32a6101dc15100e00472067f1c0912e5d5e847e011,2023-07-25T09:35:59.999000+00:00,2024-01-17T23:59:59.999000+00:00,13,-884.192291363925000000,-0.884192291363925000,-1.825,-0.9902,-0.5469,-1.2683,1.438893117482384138613383989,38.46153846153846153846153846,0.5434145632493508449901742878,77.94194792211000000,99115.807708636075000000,Tighter RSI/z-score entry bands: more mean-reversion signals fire.
0370b432876e4b41bc51284152af19f8,ETH/USDT,reversion_tight_bands,OOS_FOLD,3,OK,,87b01b89f5e470bd166fc274ee69aef928dd05daa51a563d0cd74a274e961309,5ba949320c0dd6430efd7697ad14513fa051bca1107c2a7082857806ddf60709,f2d799891bfc9b514d815ebb6faf601eea0d2ae8eed72b1cefaa2f1e683220e7,2026-01-28T09:35:59.999000+00:00,2026-07-23T23:59:59.999000+00:00,17,-510.493981074990000000,-0.51049398107499000,-1.0558,-0.5766,-0.3172,-0.7978,1.323371266059188019034087885,23.52941176470588235294117647,0.6642718362258448311552899550,100.95504706683000000,99489.506018925010000000,Tighter RSI/z-score entry bands: more mean-reversion signals fire.
f235f6eb48d448cc9d66f1e7d379ed2d,ETH/USDT,tight_risk_structure,FULL_PERIOD,,OK,,6414070e29641f26081343ef281be29273173f2ffcd49abcbb661600e0060f69,da2c903bbe9e1aa27aa3d69313b5188a3e9bc4970d6ab017aad6a71e7576a7a6,5ce4751b3291ab7af13d5e551daf576d8dd3feebc997dfd276e96e0f9b5a214e,2019-01-07T23:59:59.999000+00:00,2026-07-23T23:59:59.999000+00:00,149,11339.528401385220000000,11.33952840138522000,1.4338,0.4383,0.2184,0.2143,6.691361566604719077193272631,40.26845637583892617449664430,1.322146709873969967128553552,1374.93252607509000000,111339.528401385220000000,Tighter stops/targets across all agents (~0.7x default distance): faster exits.
4a5f1792930b47a9a03d5137532f33b9,ETH/USDT,tight_risk_structure,OOS_FOLD,1,OK,,6414070e29641f26081343ef281be29273173f2ffcd49abcbb661600e0060f69,b3f2b1d2718a522cd2e992344ee363340017ce075d94abb3398a300d75bd9b4e,62804d3c4df0e85b716e68dd85720584c089bd8a13f78bb6c2d8fe19de07ec8a,2021-01-18T09:35:59.999000+00:00,2021-07-13T23:59:59.999000+00:00,11,-303.330167825850000000,-0.30333016782585000,-0.628,-0.1258,-0.0578,-0.234,2.68322181295698000,27.27272727272727272727272727,0.9347768671277413769622846460,92.88027832842000000,99696.669832174150000000,Tighter stops/targets across all agents (~0.7x default distance): faster exits.
2e7262c5e42049fd854974eae4439cc2,ETH/USDT,tight_risk_structure,OOS_FOLD,2,OK,,6414070e29641f26081343ef281be29273173f2ffcd49abcbb661600e0060f69,b5fc70afa8465a0980ced3a5fe10bf278dfbb14a4ef0f496d9fae177f08f3ecb,5eec818eb76d0548106a3cfa946f2c7196931ce2433c447eb83fbebd614f1cad,2023-07-25T09:35:59.999000+00:00,2024-01-17T23:59:59.999000+00:00,13,-1246.902811333425000000,-1.246902811333425000,-2.5686,-0.9895,-0.5465,-1.2702,2.022167024279500619768552790,38.46153846153846153846153846,0.5428476447856361328849301456,109.72280171565000000,98753.097188666575000000,Tighter stops/targets across all agents (~0.7x default distance): faster exits.
d5082224ca264f548edc3f7d6c91377e,ETH/USDT,tight_risk_structure,OOS_FOLD,3,OK,,6414070e29641f26081343ef281be29273173f2ffcd49abcbb661600e0060f69,5ba949320c0dd6430efd7697ad14513fa051bca1107c2a7082857806ddf60709,9ce56f224f6d2d9b5298505f2ebff703378bd84cdd1854d4ea9b61d24a948ab1,2026-01-28T09:35:59.999000+00:00,2026-07-23T23:59:59.999000+00:00,15,-201.566123021730000000,-0.20156612302173000,-0.4176,-0.1555,-0.0844,-0.3101,1.346757862279100296999000041,26.66666666666666666666666667,0.8760122256757351036164258967,126.94420968903000000,99798.433876978270000000,Tighter stops/targets across all agents (~0.7x default distance): faster exits.
7cb08893db394e6a86740b8e71d5593c,ETH/USDT,trend_confidence_high,FULL_PERIOD,,OK,,32b16dfb0d099c271e996c9fe48ab9a43f0ad0bfe75f2084868bc22a88d8a50c,da2c903bbe9e1aa27aa3d69313b5188a3e9bc4970d6ab017aad6a71e7576a7a6,776eb4a61af791e528ff0d70186a8c6b079eeb7b5e8338eb8c3854d627734e45,2019-01-07T23:59:59.999000+00:00,2026-07-23T23:59:59.999000+00:00,171,7501.514431474605000000,7.501514431474605000,0.9633,0.3623,0.1933,0.148,6.507235816917833893380955427,38.01169590643274853801169591,1.234469507537957498636922875,1234.00864062549000000,107501.514431474605000000,Only acts on high-conviction trend signals.
ca68d760620049cea4d1ed1505b3942f,ETH/USDT,trend_confidence_high,OOS_FOLD,1,OK,,32b16dfb0d099c271e996c9fe48ab9a43f0ad0bfe75f2084868bc22a88d8a50c,b3f2b1d2718a522cd2e992344ee363340017ce075d94abb3398a300d75bd9b4e,d13a9fd0c8b51783fc791c312f3491e37d03287909997104fce31da952cc774c,2021-01-18T09:35:59.999000+00:00,2021-07-13T23:59:59.999000+00:00,11,-235.890006596820000000,-0.23589000659682000,-0.4886,-0.1249,-0.0574,-0.226,2.16234300736584000,27.27272727272727272727272727,0.9370078856918653772324544949,74.83489902117000000,99764.109993403180000000,Only acts on high-conviction trend signals.
ae0f3869b1bb43988f11e4a6167e2f0b,ETH/USDT,trend_confidence_high,OOS_FOLD,2,OK,,32b16dfb0d099c271e996c9fe48ab9a43f0ad0bfe75f2084868bc22a88d8a50c,b5fc70afa8465a0980ced3a5fe10bf278dfbb14a4ef0f496d9fae177f08f3ecb,05ec42387a3ba0f4439f1491ca8f0425904dde1974f343fa30aeec1dd61decf0,2023-07-25T09:35:59.999000+00:00,2024-01-17T23:59:59.999000+00:00,13,-977.132540005725000000,-0.977132540005725000,-2.0158,-0.969,-0.5377,-1.2564,1.604439647426590805649769081,38.46153846153846153846153846,0.5495770311673061123955392745,87.91081781337000000,99022.867459994275000000,Only acts on high-conviction trend signals.
f87a6bc06c844ab8bf1fcbf3a36d8759,ETH/USDT,trend_confidence_high,OOS_FOLD,3,OK,,32b16dfb0d099c271e996c9fe48ab9a43f0ad0bfe75f2084868bc22a88d8a50c,5ba949320c0dd6430efd7697ad14513fa051bca1107c2a7082857806ddf60709,3caaa28cf372a72a063ffead0a6ab2526efe805114b565b1bf847ffd15584167,2026-01-28T09:35:59.999000+00:00,2026-07-23T23:59:59.999000+00:00,15,-133.330636585425000000,-0.133330636585425000,-0.2763,-0.1289,-0.0701,-0.2614,1.057125880227180630020789913,26.66666666666666666666666667,0.8958041240151211475255683944,100.22561945460000000,99866.669363414575000000,Only acts on high-conviction trend signals.
9874e457f26748ff8c5b8cd45a5ae9a9,ETH/USDT,trend_confidence_low,FULL_PERIOD,,OK,,173b4bcef2c8d64ccb50d19780df2307cfa0073985a173662e5e89455967175b,da2c903bbe9e1aa27aa3d69313b5188a3e9bc4970d6ab017aad6a71e7576a7a6,9bdef3075291573be4c8021534cacea70f74634912809801fead244870811ae8,2019-01-07T23:59:59.999000+00:00,2026-07-23T23:59:59.999000+00:00,219,9953.057370990990000000,9.95305737099099000,1.2655,0.5373,0.3286,0.2102,6.020596516707733447222249872,38.81278538812785388127853881,1.335855870454919782723352245,1242.77555328714000000,109953.057370990990000000,Admits lower-conviction trend signals through the critic/consensus stage.
bd73829d67ec4597967d96e68ed22bfc,ETH/USDT,trend_confidence_low,OOS_FOLD,1,OK,,173b4bcef2c8d64ccb50d19780df2307cfa0073985a173662e5e89455967175b,b3f2b1d2718a522cd2e992344ee363340017ce075d94abb3398a300d75bd9b4e,5c1e02078fcf442ba441c4f30b1307b6bcc216be69ad2d5c0e4ed0f1e8fe166c,2021-01-18T09:35:59.999000+00:00,2021-07-13T23:59:59.999000+00:00,11,-174.131688122160000000,-0.17413168812216000,-0.3608,-0.1238,-0.0569,-0.2178,1.65641318911938000,27.27272727272727272727272727,0.9392525320339800139708128214,57.32290473498000000,99825.868311877840000000,Admits lower-conviction trend signals through the critic/consensus stage.
c617914943474bc1ac02d9d42833f1f0,ETH/USDT,trend_confidence_low,OOS_FOLD,2,OK,,173b4bcef2c8d64ccb50d19780df2307cfa0073985a173662e5e89455967175b,b5fc70afa8465a0980ced3a5fe10bf278dfbb14a4ef0f496d9fae177f08f3ecb,6252e42b14bde3cfcd3ba25980b6e905fc786e0b349870cdaf489180948dc0c0,2023-07-25T09:35:59.999000+00:00,2024-01-17T23:59:59.999000+00:00,13,-791.385705599505000000,-0.791385705599505000,-1.6343,-1.017,-0.5583,-1.2835,1.273269938244977170975067697,38.46153846153846153846153846,0.5355231708337994957936208206,67.97323602270000000,99208.614294400495000000,Admits lower-conviction trend signals through the critic/consensus stage.
703ead96274544eb8085fa5305b6c980,ETH/USDT,trend_confidence_low,OOS_FOLD,3,OK,,173b4bcef2c8d64ccb50d19780df2307cfa0073985a173662e5e89455967175b,5ba949320c0dd6430efd7697ad14513fa051bca1107c2a7082857806ddf60709,cc3ac6434a69a40f3f80a8426f7ed52ced3c78bb89c0e1df5b913b3881891899,2026-01-28T09:35:59.999000+00:00,2026-07-23T23:59:59.999000+00:00,15,-151.064944314690000000,-0.15106494431469000,-0.313,-0.195,-0.1053,-0.3644,0.8589585636421966335821863404,26.66666666666666666666666667,0.8530343063147330133967885996,80.00831139021000000,99848.935055685310000000,Admits lower-conviction trend signals through the critic/consensus stage.
f1f7880798a8482eb557152281931af3,ETH/USDT,wide_risk_structure,FULL_PERIOD,,OK,,baf4f650b36c781ffa23e4ce7fd964ed540ac966b611195b09df0017f40f2433,da2c903bbe9e1aa27aa3d69313b5188a3e9bc4970d6ab017aad6a71e7576a7a6,ec57a0315177319ea2de433c0837fcbd4b499d3c9f267f005d2ddc85c826269b,2019-01-07T23:59:59.999000+00:00,2026-07-23T23:59:59.999000+00:00,219,8561.401990668420000000,8.56140199066842000,1.0947,0.5581,0.344,0.2218,4.935856559766515792318163375,38.81278538812785388127853881,1.352200706189213223820224167,1022.94247377978000000,108561.401990668420000000,Wider stops/targets across all agents (~1.4x default distance): more room per trade.
68ac6b1b3aa7457ebc3bc2bd0d48c488,ETH/USDT,wide_risk_structure,OOS_FOLD,1,OK,,baf4f650b36c781ffa23e4ce7fd964ed540ac966b611195b09df0017f40f2433,b3f2b1d2718a522cd2e992344ee363340017ce075d94abb3398a300d75bd9b4e,e01bfc075db624e92c15a81f26309ddee1c6530c217bfa042e1def005dc35e09,2021-01-18T09:35:59.999000+00:00,2021-07-13T23:59:59.999000+00:00,11,-142.596460336470000000,-0.14259646033647000,-0.2955,-0.1238,-0.0569,-0.2142,1.37946181208373000,27.27272727272727272727272727,0.9402379064564464444266180692,47.72711723787000000,99857.403539663530000000,Wider stops/targets across all agents (~1.4x default distance): more room per trade.
5654085cfc594d9ba48f053eb1e8afdd,ETH/USDT,wide_risk_structure,OOS_FOLD,2,OK,,baf4f650b36c781ffa23e4ce7fd964ed540ac966b611195b09df0017f40f2433,b5fc70afa8465a0980ced3a5fe10bf278dfbb14a4ef0f496d9fae177f08f3ecb,38c89b64a59daa975b7091113991d1fc6c9b19dca8f06ea7754706804dbb6f51,2023-07-25T09:35:59.999000+00:00,2024-01-17T23:59:59.999000+00:00,13,-636.914417111595000000,-0.636914417111595000,-1.3164,-0.9904,-0.5471,-1.2669,1.039075215556058040623842466,38.46153846153846153846153846,0.5438650417711639856543915763,56.22167937267000000,99363.085582888405000000,Wider stops/targets across all agents (~1.4x default distance): more room per trade.
9057c9fd41e24f238d8fd93999fd950f,ETH/USDT,wide_risk_structure,OOS_FOLD,3,OK,,baf4f650b36c781ffa23e4ce7fd964ed540ac966b611195b09df0017f40f2433,5ba949320c0dd6430efd7697ad14513fa051bca1107c2a7082857806ddf60709,d3bce247cbb8bf3a7f65816da5ea4d1fe06689c0214f7f8adb06f781242fa97c,2026-01-28T09:35:59.999000+00:00,2026-07-23T23:59:59.999000+00:00,15,-102.117356310210000000,-0.10211735631021000,-0.2117,-0.1597,-0.0866,-0.3059,0.6920044608342049050187807567,26.66666666666666666666666667,0.8772237323920952796737836242,64.97768521206000000,99897.882643689790000000,Wider stops/targets across all agents (~1.4x default distance): more room per trade.
