symbol,config_name,config_hash,passed,reasons,total_oos_trades,profitable_folds,total_folds,mean_oos_sharpe,worst_fold_drawdown_pct,aggregate_net_profit
BTC/USDT,aggressive_regime,875ef99b96e13d94f060b2aff45de4a0d2f0c014b4cc01e4cfdd3f622663f711,True,,40,2,3,0.6217,1.958480215014981779101231089,2352.698103480090000000
ETH/USDT,aggressive_regime,875ef99b96e13d94f060b2aff45de4a0d2f0c014b4cc01e4cfdd3f622663f711,False,MEAN_OOS_SHARPE_BELOW_MIN:-0.02853333333333333333333333333<0.5;AGGREGATE_NET_PNL_NOT_POSITIVE:-132.757610014735000000,47,2,3,-0.02853333333333333333333333333,2.243861066259568704869468537,-132.757610014735000000
BTC/USDT,baseline,c63e557c0481f3579aa7685b5b0456e124d89e0cba093820bd401776049c85a6,True,,35,2,3,0.7635333333333333333333333333,1.814306822600813584767665450,2857.930963028355000000
ETH/USDT,baseline,c63e557c0481f3579aa7685b5b0456e124d89e0cba093820bd401776049c85a6,False,PROFITABLE_FOLD_RATIO_BELOW_MIN:0/3;MEAN_OOS_SHARPE_BELOW_MIN:-0.4059333333333333333333333333<0.5;AGGREGATE_NET_PNL_NOT_POSITIVE:-1184.026970340860000000,38,0,3,-0.4059333333333333333333333333,1.90957109850186000,-1184.026970340860000000
BTC/USDT,breakout_sensitive,854c75c09f99a277eeba5bdd765011d0e543065a89be86cc5df75390a2246408,True,,36,2,3,0.6839666666666666666666666667,1.814306822600813584767665450,2716.910425502445000000
ETH/USDT,breakout_sensitive,854c75c09f99a277eeba5bdd765011d0e543065a89be86cc5df75390a2246408,False,PROFITABLE_FOLD_RATIO_BELOW_MIN:0/3;MEAN_OOS_SHARPE_BELOW_MIN:-0.5670333333333333333333333333<0.5;AGGREGATE_NET_PNL_NOT_POSITIVE:-2082.859100081705000000,40,0,3,-0.5670333333333333333333333333,2.828839303728260715691640170,-2082.859100081705000000
BTC/USDT,breakout_strict,c3ca2c77ddf824df656bd6b276a672913260322d0b902126bd3faf440a510d21,True,,35,2,3,0.7643,1.814306822600813584767665450,2859.681771002775000000
ETH/USDT,breakout_strict,c3ca2c77ddf824df656bd6b276a672913260322d0b902126bd3faf440a510d21,False,PROFITABLE_FOLD_RATIO_BELOW_MIN:0/3;MEAN_OOS_SHARPE_BELOW_MIN:-0.4023<0.5;AGGREGATE_NET_PNL_NOT_POSITIVE:-1172.379444944165000000,38,0,3,-0.4023,1.90957109850186000,-1172.379444944165000000
BTC/USDT,conservative_regime,2346ba159652e527da38d57298ca6842d6b8e893b357710d66fecaab427e7516,False,PROFITABLE_FOLD_RATIO_BELOW_MIN:1/3;MEAN_OOS_SHARPE_BELOW_MIN:-0.3114333333333333333333333333<0.5,26,1,3,-0.3114333333333333333333333333,0.8289587247036751200022612312,253.028440357245000000
ETH/USDT,conservative_regime,2346ba159652e527da38d57298ca6842d6b8e893b357710d66fecaab427e7516,False,PROFITABLE_FOLD_RATIO_BELOW_MIN:1/3;MEAN_OOS_SHARPE_BELOW_MIN:-0.4689666666666666666666666667<0.5;AGGREGATE_NET_PNL_NOT_POSITIVE:-1139.477654890415000000,28,1,3,-0.4689666666666666666666666667,1.490838438409907728523889882,-1139.477654890415000000
BTC/USDT,high_conviction_only,b4d49e8e6d21dfb4472f1c03dfdbc121f6e73874f4eb36f05c088a390ddc0d72,True,,35,2,3,0.7584,2.062986416878662379352939160,3229.024686966090000000
ETH/USDT,high_conviction_only,b4d49e8e6d21dfb4472f1c03dfdbc121f6e73874f4eb36f05c088a390ddc0d72,False,PROFITABLE_FOLD_RATIO_BELOW_MIN:0/3;MEAN_OOS_SHARPE_BELOW_MIN:-0.4055<0.5;AGGREGATE_NET_PNL_NOT_POSITIVE:-1345.405955133985000000,38,0,3,-0.4055,2.16234300736584000,-1345.405955133985000000
BTC/USDT,low_conviction_admitted,e8000e06d79922eef28a8aaa26407d5bf561d5f343a89387a19e159c01789cc7,True,,35,2,3,0.7668,1.566318947844460498336159141,2491.752184012020000000
ETH/USDT,low_conviction_admitted,e8000e06d79922eef28a8aaa26407d5bf561d5f343a89387a19e159c01789cc7,False,PROFITABLE_FOLD_RATIO_BELOW_MIN:0/3;MEAN_OOS_SHARPE_BELOW_MIN:-0.4063333333333333333333333333<0.5;AGGREGATE_NET_PNL_NOT_POSITIVE:-1023.302884945805000000,38,0,3,-0.4063333333333333333333333333,1.65641318911938000,-1023.302884945805000000
BTC/USDT,mean_reversion_focus,f0bc4bdbe5483758d0777bfc4f3bab31ddc036c6c318dcafea1ac7dfbf6b3645,True,,35,2,3,0.5911666666666666666666666667,1.699587259371791464600425934,1948.135835049945000000
ETH/USDT,mean_reversion_focus,f0bc4bdbe5483758d0777bfc4f3bab31ddc036c6c318dcafea1ac7dfbf6b3645,False,PROFITABLE_FOLD_RATIO_BELOW_MIN:0/3;MEAN_OOS_SHARPE_BELOW_MIN:-0.4255<0.5;AGGREGATE_NET_PNL_NOT_POSITIVE:-1017.325525690800000000,38,0,3,-0.4255,1.58049947398452000,-1017.325525690800000000
BTC/USDT,momentum_focus,fd99c5e143f5b51401f4288d0642d156787bfd972800d4f9d5cd7b2de05de14f,True,,35,2,3,0.8519,1.853343793900156478948578546,3406.476544382670000000
ETH/USDT,momentum_focus,fd99c5e143f5b51401f4288d0642d156787bfd972800d4f9d5cd7b2de05de14f,False,PROFITABLE_FOLD_RATIO_BELOW_MIN:0/3;MEAN_OOS_SHARPE_BELOW_MIN:-0.3920<0.5;AGGREGATE_NET_PNL_NOT_POSITIVE:-1257.108407345615000000,38,0,3,-0.3920,2.08652131746324000,-1257.108407345615000000
BTC/USDT,reversion_loose_bands,8ff4e821ac59b9a4abcc3318d43f8da3aa43a0714388b5d5cd111b713e763571,True,,30,2,3,0.9994333333333333333333333333,1.252620685653641909281221391,3594.818190850620000000
ETH/USDT,reversion_loose_bands,8ff4e821ac59b9a4abcc3318d43f8da3aa43a0714388b5d5cd111b713e763571,False,PROFITABLE_FOLD_RATIO_BELOW_MIN:0/3;MEAN_OOS_SHARPE_BELOW_MIN:-0.4116<0.5;AGGREGATE_NET_PNL_NOT_POSITIVE:-1196.672777980655000000,37,0,3,-0.4116,1.90957109850186000,-1196.672777980655000000
BTC/USDT,reversion_tight_bands,87b01b89f5e470bd166fc274ee69aef928dd05daa51a563d0cd74a274e961309,True,,36,2,3,0.7815333333333333333333333333,1.781099714324905167100639389,2908.501723093830000000
ETH/USDT,reversion_tight_bands,87b01b89f5e470bd166fc274ee69aef928dd05daa51a563d0cd74a274e961309,False,PROFITABLE_FOLD_RATIO_BELOW_MIN:0/3;MEAN_OOS_SHARPE_BELOW_MIN:-0.5464333333333333333333333333<0.5;AGGREGATE_NET_PNL_NOT_POSITIVE:-1552.488457137250000000,40,0,3,-0.5464333333333333333333333333,1.90957109850186000,-1552.488457137250000000
BTC/USDT,tight_risk_structure,6414070e29641f26081343ef281be29273173f2ffcd49abcbb661600e0060f69,True,,35,2,3,0.7613,2.557437364949641122653512579,4010.608026145260000000
ETH/USDT,tight_risk_structure,6414070e29641f26081343ef281be29273173f2ffcd49abcbb661600e0060f69,False,PROFITABLE_FOLD_RATIO_BELOW_MIN:0/3;MEAN_OOS_SHARPE_BELOW_MIN:-0.4053666666666666666666666667<0.5;AGGREGATE_NET_PNL_NOT_POSITIVE:-1685.493970019305000000,38,0,3,-0.4053666666666666666666666667,2.68322181295698000,-1685.493970019305000000
BTC/USDT,trend_confidence_high,32b16dfb0d099c271e996c9fe48ab9a43f0ad0bfe75f2084868bc22a88d8a50c,True,,35,2,3,0.8114666666666666666666666667,1.981734020109928922384351428,3401.071063848000000000
ETH/USDT,trend_confidence_high,32b16dfb0d099c271e996c9fe48ab9a43f0ad0bfe75f2084868bc22a88d8a50c,False,PROFITABLE_FOLD_RATIO_BELOW_MIN:0/3;MEAN_OOS_SHARPE_BELOW_MIN:-0.3892<0.5;AGGREGATE_NET_PNL_NOT_POSITIVE:-1293.008714459010000000,38,0,3,-0.3892,2.16234300736584000,-1293.008714459010000000
BTC/USDT,trend_confidence_low,173b4bcef2c8d64ccb50d19780df2307cfa0073985a173662e5e89455967175b,True,,35,2,3,0.6965666666666666666666666667,1.648264823763139394584601194,2315.036232884565000000
ETH/USDT,trend_confidence_low,173b4bcef2c8d64ccb50d19780df2307cfa0073985a173662e5e89455967175b,False,PROFITABLE_FOLD_RATIO_BELOW_MIN:0/3;MEAN_OOS_SHARPE_BELOW_MIN:-0.4272333333333333333333333333<0.5;AGGREGATE_NET_PNL_NOT_POSITIVE:-1075.808060840655000000,38,0,3,-0.4272333333333333333333333333,1.65641318911938000,-1075.808060840655000000
BTC/USDT,wide_risk_structure,baf4f650b36c781ffa23e4ce7fd964ed540ac966b611195b09df0017f40f2433,True,,35,2,3,0.7646,1.307374265280137253121526810,2064.110782233990000000
ETH/USDT,wide_risk_structure,baf4f650b36c781ffa23e4ce7fd964ed540ac966b611195b09df0017f40f2433,False,PROFITABLE_FOLD_RATIO_BELOW_MIN:0/3;MEAN_OOS_SHARPE_BELOW_MIN:-0.4064<0.5;AGGREGATE_NET_PNL_NOT_POSITIVE:-847.702232953455000000,38,0,3,-0.4064,1.37946181208373000,-847.702232953455000000
